-- MySQL dump 10.13  Distrib 5.5.15, for Win32 (x86)
--
-- Host: localhost    Database: cat
-- ------------------------------------------------------
-- Server version	5.5.15

/*!40101 SET @OLD_CHARACTER_SET_CLIENT=@@CHARACTER_SET_CLIENT */;
/*!40101 SET @OLD_CHARACTER_SET_RESULTS=@@CHARACTER_SET_RESULTS */;
/*!40101 SET @OLD_COLLATION_CONNECTION=@@COLLATION_CONNECTION */;
/*!40101 SET NAMES utf8 */;
/*!40103 SET @OLD_TIME_ZONE=@@TIME_ZONE */;
/*!40103 SET TIME_ZONE='+00:00' */;
/*!40014 SET @OLD_UNIQUE_CHECKS=@@UNIQUE_CHECKS, UNIQUE_CHECKS=0 */;
/*!40014 SET @OLD_FOREIGN_KEY_CHECKS=@@FOREIGN_KEY_CHECKS, FOREIGN_KEY_CHECKS=0 */;
/*!40101 SET @OLD_SQL_MODE=@@SQL_MODE, SQL_MODE='NO_AUTO_VALUE_ON_ZERO' */;
/*!40111 SET @OLD_SQL_NOTES=@@SQL_NOTES, SQL_NOTES=0 */;

--
-- Table structure for table `comments`
--

DROP TABLE IF EXISTS `comments`;
/*!40101 SET @saved_cs_client     = @@character_set_client */;
/*!40101 SET character_set_client = utf8 */;
CREATE TABLE `comments` (
  `id` int(11) NOT NULL,
  `posId` int(11) DEFAULT NULL,
  `nickname` varchar(45) DEFAULT NULL,
  `text` text,
  `rating` float DEFAULT NULL,
  `date` date DEFAULT NULL,
  `likeCount` int(11) DEFAULT NULL,
  `unlikeCount` int(11) DEFAULT NULL,
  PRIMARY KEY (`id`),
  KEY `posId` (`posId`),
  CONSTRAINT `posId` FOREIGN KEY (`posId`) REFERENCES `positions` (`id`) ON DELETE CASCADE ON UPDATE CASCADE
) ENGINE=InnoDB DEFAULT CHARSET=utf8;
/*!40101 SET character_set_client = @saved_cs_client */;

--
-- Dumping data for table `comments`
--

LOCK TABLES `comments` WRITE;
/*!40000 ALTER TABLE `comments` DISABLE KEYS */;
/*!40000 ALTER TABLE `comments` ENABLE KEYS */;
UNLOCK TABLES;

--
-- Table structure for table `placeadresses`
--

DROP TABLE IF EXISTS `placeadresses`;
/*!40101 SET @saved_cs_client     = @@character_set_client */;
/*!40101 SET character_set_client = utf8 */;
CREATE TABLE `placeadresses` (
  `id` int(11) NOT NULL AUTO_INCREMENT,
  `placeId` int(11) DEFAULT NULL,
  `type` int(11) DEFAULT NULL,
  `coord` varchar(45) DEFAULT NULL,
  `addr` text,
  PRIMARY KEY (`id`),
  KEY `placeId` (`placeId`),
  CONSTRAINT `placeId` FOREIGN KEY (`placeId`) REFERENCES `places` (`id`) ON DELETE CASCADE ON UPDATE CASCADE
) ENGINE=InnoDB AUTO_INCREMENT=2246 DEFAULT CHARSET=utf8;
/*!40101 SET character_set_client = @saved_cs_client */;

--
-- Dumping data for table `placeadresses`
--

LOCK TABLES `placeadresses` WRITE;
/*!40000 ALTER TABLE `placeadresses` DISABLE KEYS */;
INSERT INTO `placeadresses` VALUES (2243,26,0,'0.0','Каменноостровский пр, 37, г. Санкт-Петербург'),(2244,27,0,'0.0','Санкт-Петербург, канал Грибоедова, дом 20'),(2245,28,0,'0.0','ул. Восстания, д. 30, г. Санкт-Петербург');
/*!40000 ALTER TABLE `placeadresses` ENABLE KEYS */;
UNLOCK TABLES;

--
-- Table structure for table `places`
--

DROP TABLE IF EXISTS `places`;
/*!40101 SET @saved_cs_client     = @@character_set_client */;
/*!40101 SET character_set_client = utf8 */;
CREATE TABLE `places` (
  `id` int(11) NOT NULL AUTO_INCREMENT,
  `name` tinytext,
  `url` tinyblob,
  PRIMARY KEY (`id`)
) ENGINE=InnoDB AUTO_INCREMENT=29 DEFAULT CHARSET=utf8;
/*!40101 SET character_set_client = @saved_cs_client */;

--
-- Dumping data for table `places`
--

LOCK TABLES `places` WRITE;
/*!40000 ALTER TABLE `places` DISABLE KEYS */;
INSERT INTO `places` VALUES (26,'SPB',NULL),(27,'СитиГриль',NULL),(28,'Killfish',NULL);
/*!40000 ALTER TABLE `places` ENABLE KEYS */;
UNLOCK TABLES;

--
-- Table structure for table `positions`
--

DROP TABLE IF EXISTS `positions`;
/*!40101 SET @saved_cs_client     = @@character_set_client */;
/*!40101 SET character_set_client = utf8 */;
CREATE TABLE `positions` (
  `id` int(11) NOT NULL AUTO_INCREMENT,
  `placesId` int(11) DEFAULT NULL,
  `description` text,
  `weight` int(10) unsigned DEFAULT NULL,
  `name` tinytext,
  `rating` float unsigned DEFAULT NULL,
  `votesCount` int(10) unsigned DEFAULT NULL,
  `commentsCount` int(10) unsigned DEFAULT NULL,
  `confirmCount` int(10) unsigned DEFAULT NULL,
  `disclameCount` int(10) unsigned DEFAULT NULL,
  `url` tinyblob,
  `imageUrl` tinyblob,
  `isIndexed` tinyint(1) DEFAULT '0',
  `price` int(11) DEFAULT NULL,
  `currency` int(11) DEFAULT NULL,
  PRIMARY KEY (`id`),
  KEY `placesId` (`placesId`),
  CONSTRAINT `placesId` FOREIGN KEY (`placesId`) REFERENCES `places` (`id`) ON DELETE CASCADE ON UPDATE CASCADE
) ENGINE=InnoDB AUTO_INCREMENT=3333 DEFAULT CHARSET=utf8;
/*!40101 SET character_set_client = @saved_cs_client */;

--
-- Dumping data for table `positions`
--

LOCK TABLES `positions` WRITE;
/*!40000 ALTER TABLE `positions` DISABLE KEYS */;
INSERT INTO `positions` VALUES (2796,26,'салат, суп, горячее с гарниром, напиток',NULL,'\'Обед из трех блюд\'',NULL,NULL,NULL,NULL,NULL,'http://barspb.ru/dishes.php','http://barspb.ru/pic_menu_big/1318839602.jpg',0,190,NULL),(2797,26,'куриное филе, бекон, пикантные колбаски, шампиньоны, маслины, перец чили и помидоры',NULL,'\'Пицца Де ла Касса\'',NULL,NULL,NULL,NULL,NULL,'http://barspb.ru/dishes.php','http://barspb.ru/pic_menu_big/1311675031.jpg',0,420,NULL),(2798,26,'Ветчина, колбаски, шампиньоны, болгарский перец, сыр Пармезан и горчица',NULL,'\'Баварская\'',NULL,NULL,NULL,NULL,NULL,'http://barspb.ru/dishes.php','http://barspb.ru/pic_menu_big/1311676430.jpg',0,499,NULL),(2799,26,'Закрытая пицца с говядиной, сладким перцем, овощами, сыром Чеддер и сыром Моцарелла',NULL,'\'Кальцоне\'\'',NULL,NULL,NULL,NULL,NULL,'http://barspb.ru/dishes.php','http://barspb.ru/pic_menu_big/1311675349.jpg',0,399,NULL),(2800,26,'Сыры: Дор Блю, Гауда, Мацарелла, Пармезан',NULL,'\'Кватро Формаджио\'',NULL,NULL,NULL,NULL,NULL,'http://barspb.ru/dishes.php','http://barspb.ru/pic_menu_big/1311676121.jpg',0,260,NULL),(2801,26,'Классический рецепт',NULL,'\'Маргарита\'',NULL,NULL,NULL,NULL,NULL,'http://barspb.ru/dishes.php','http://barspb.ru/pic_menu_big/1311675431.jpg',0,260,NULL),(2802,26,'Кальмары, креветки, осьминоги и очищенные мидии',NULL,'\'Маринера\'',NULL,NULL,NULL,NULL,NULL,'http://barspb.ru/dishes.php','http://barspb.ru/pic_menu_big/1311676679.jpg',0,499,NULL),(2803,26,'Говядина, курица, сладкий перец, сыр Чеддер, красный лук и зеленый маринованный перец',NULL,'\'Мексикана\'',NULL,NULL,NULL,NULL,NULL,'http://barspb.ru/dishes.php','http://barspb.ru/pic_menu_big/1311676341.jpg',0,499,NULL),(2804,26,'Курица, шампиньоны, крвети, слабосоленый лосось.',NULL,'\'Море Монте\'',NULL,NULL,NULL,NULL,NULL,'http://barspb.ru/dishes.php','http://barspb.ru/pic_menu_big/1311676975.jpg',0,499,NULL),(2805,26,'Бекон, пикантные колбаски и сыр Пармезан',NULL,'\'Пепперони\'',NULL,NULL,NULL,NULL,NULL,'http://barspb.ru/dishes.php','http://barspb.ru/pic_menu_big/1311676895.jpg',0,299,NULL),(2806,26,'Ветчина, шампиньоны, куриное филе, сосиски, брокколи, зелень и помидоры',NULL,'\'Пиемонте\'',NULL,NULL,NULL,NULL,NULL,'http://barspb.ru/dishes.php','http://barspb.ru/pic_menu_big/1311675727.jpg',0,420,NULL),(2807,26,'Брокколи, цукини, лук, шампиньоны, перец болгарский, помидоры сушеные, сыр Пармезан',NULL,'\'Примавера\'',NULL,NULL,NULL,NULL,NULL,'http://barspb.ru/dishes.php','http://barspb.ru/pic_menu_big/1311677075.jpg',0,399,NULL),(2808,26,'Ветчина и шампиньоны',NULL,'\'Прошутто Фунги\'',NULL,NULL,NULL,NULL,NULL,'http://barspb.ru/dishes.php','http://barspb.ru/pic_menu_big/1311676540.jpg',0,320,NULL),(2809,26,'Хлеб с маслом чесночным, морской солью и кунжутом',NULL,'\'Рогалик чесночный\'',NULL,NULL,NULL,NULL,NULL,'http://barspb.ru/dishes.php','http://barspb.ru/pic_menu_big/1311677593.jpg',0,19,NULL),(2810,26,'Итальянский хлеб с пармезаном, базиликом и орегано',NULL,'\'Фокачча аль Песто\'',NULL,NULL,NULL,NULL,NULL,'http://barspb.ru/dishes.php','http://barspb.ru/pic_menu_big/1311677490.jpg',0,79,NULL),(2811,26,'Итальянский хлеб с розмарином и морской солью',NULL,'\'Фокачча аль Розмарино\'',NULL,NULL,NULL,NULL,NULL,'http://barspb.ru/dishes.php','http://barspb.ru/pic_menu_big/1311677231.jpg',0,79,NULL),(2812,26,'Итальянский хлеб с беконом, красным луком, морской солью и кунжутом',NULL,'\'Фокачча с беконом\'',NULL,NULL,NULL,NULL,NULL,'http://barspb.ru/dishes.php','http://barspb.ru/pic_menu_big/1311677368.jpg',0,110,NULL),(2813,26,'Итальянский хлеб с пармезаном и базиликом',NULL,'\'Чиабата\'',NULL,NULL,NULL,NULL,NULL,'http://barspb.ru/dishes.php','http://barspb.ru/pic_menu_big/1311677272.jpg',0,79,NULL),(2814,26,'',NULL,'Булочка беленькая или серенькая с маслицем',NULL,NULL,NULL,NULL,NULL,'http://barspb.ru/dishes.php','http://barspb.ru/pic_menu_big/1255527977.jpg',0,20,NULL),(2815,26,'мясной конверт',NULL,'\'Мит Кавер\'',NULL,NULL,NULL,NULL,NULL,'http://barspb.ru/dishes.php','http://barspb.ru/pic_menu_big/1302864218.jpg',0,210,NULL),(2816,26,'Пица с копченостями',NULL,'\'Пиwwwа\'',NULL,NULL,NULL,NULL,NULL,'http://barspb.ru/dishes.php','http://barspb.ru/pic_menu_big/1252665544.jpg',0,140,NULL),(2817,26,'Пица SПБ с грибами',NULL,'\'Пиwwwа\'',NULL,NULL,NULL,NULL,NULL,'http://barspb.ru/dishes.php',NULL,0,140,NULL),(2818,26,'с картофелем фри и соусом май-крим',NULL,'\'ЧИК бургер\'',NULL,NULL,NULL,NULL,NULL,'http://barspb.ru/dishes.php','http://barspb.ru/pic_menu_big/1302864266.jpg',0,120,NULL),(2819,26,'с картофелем фри и сырным соусом',NULL,'\'БИФ бургер\'',NULL,NULL,NULL,NULL,NULL,'http://barspb.ru/dishes.php','http://barspb.ru/pic_menu_big/1302864279.jpg',0,130,NULL),(2820,26,'с картофелем фри',NULL,'\'МЕГА бургер\'',NULL,NULL,NULL,NULL,NULL,'http://barspb.ru/dishes.php','http://barspb.ru/pic_menu_big/1302864311.jpg',0,210,NULL),(2821,26,'Суп грибной со сметаной',NULL,'\'Mushroom soup\'',NULL,NULL,NULL,NULL,NULL,'http://barspb.ru/dishes.php','http://barspb.ru/pic_menu_big/1302864322.jpg',0,100,NULL),(2822,26,'Борщ со сметаной',NULL,'\'Borsh\'',NULL,NULL,NULL,NULL,NULL,'http://barspb.ru/dishes.php','http://barspb.ru/pic_menu_big/1302864334.jpg',0,110,NULL),(2823,26,'солянка со сметаной',NULL,'\'Sолянка\'',NULL,NULL,NULL,NULL,NULL,'http://barspb.ru/dishes.php','http://barspb.ru/pic_menu_big/1252665854.jpg',0,120,NULL),(2824,26,'с ветчиной и овощами',NULL,'\'Итальяно\'',NULL,NULL,NULL,NULL,NULL,'http://barspb.ru/dishes.php','http://barspb.ru/pic_menu_big/1302864354.jpg',0,170,NULL),(2825,26,'с копчёной птицей',NULL,'\'Цезарь\'',NULL,NULL,NULL,NULL,NULL,'http://barspb.ru/dishes.php','http://barspb.ru/pic_menu_big/1252665986.jpg',0,180,NULL),(2826,26,'греческий',NULL,'\'Гриик Sалад\'',NULL,NULL,NULL,NULL,NULL,'http://barspb.ru/dishes.php','http://barspb.ru/pic_menu_big/1252666131.jpg',0,170,NULL),(2827,26,'фисташки',NULL,'\'Натсы\'',NULL,NULL,NULL,NULL,NULL,'http://barspb.ru/dishes.php','http://barspb.ru/pic_menu_big/1252667697.jpg',0,100,NULL),(2828,26,'кальмар сушеный',NULL,'\'Сквиды\'',NULL,NULL,NULL,NULL,NULL,'http://barspb.ru/dishes.php','http://barspb.ru/pic_menu_big/1252669867.jpg',0,120,NULL),(2829,26,'Сырные гренки с соусом май крим',NULL,'\'Чиз Стикс\'',NULL,NULL,NULL,NULL,NULL,'http://barspb.ru/dishes.php','http://barspb.ru/pic_menu_big/1255526341.jpg',0,170,NULL),(2830,26,'горячая мясная тарелка с томатным соусом: леди киллер, ребра, крылья, колбаска',NULL,'\'ХОТ МИт Микс\'',NULL,NULL,NULL,NULL,NULL,'http://barspb.ru/dishes.php','http://barspb.ru/pic_menu_big/1302864372.jpg',0,290,NULL),(2831,26,'кольца кальмарв с соусом май-крим',NULL,'\'Сквид Рингс\'',NULL,NULL,NULL,NULL,NULL,'http://barspb.ru/dishes.php','http://barspb.ru/pic_menu_big/1293697119.jpg',0,190,NULL),(2832,26,'палочки куриные с соусами сырным и винным',NULL,'\'Чикен Sтикс\'',NULL,NULL,NULL,NULL,NULL,'http://barspb.ru/dishes.php','http://barspb.ru/pic_menu_big/1302864387.jpg',0,180,NULL),(2833,26,'арахис, сухарики, сушеный кальмар, пряди копченого сыра, скумбрия',NULL,'\'Большой Микс\'',NULL,NULL,NULL,NULL,NULL,'http://barspb.ru/dishes.php','http://barspb.ru/pic_menu_big/1278485288.jpg',0,190,NULL),(2834,26,'креветки отварные',NULL,'\'Шримпсы \'',NULL,NULL,NULL,NULL,NULL,'http://barspb.ru/dishes.php','http://barspb.ru/pic_menu_big/1252667816.jpg',0,190,NULL),(2835,26,'Копчёные sырные червячки',NULL,'\'Sмокед ЧизВормs\'',NULL,NULL,NULL,NULL,NULL,'http://barspb.ru/dishes.php','http://barspb.ru/pic_menu_big/1252667484.jpg',0,110,NULL),(2836,26,'копченые свиные ушки с овощами в остром соусе',NULL,'\'Порк ушки по',NULL,NULL,NULL,NULL,NULL,'http://barspb.ru/dishes.php','http://barspb.ru/pic_menu_big/1278485202.jpg',0,180,NULL),(2837,26,'Хлeбные гренки с двумя соусами на выбор',NULL,'\'Брэд sтикс\'',NULL,NULL,NULL,NULL,NULL,'http://barspb.ru/dishes.php','http://barspb.ru/pic_menu_big/1252667940.jpg',0,110,NULL),(2838,26,'куриные сердца с картофелем фри и винным соусом',NULL,'\'Леди Киллер\'',NULL,NULL,NULL,NULL,NULL,'http://barspb.ru/dishes.php','http://barspb.ru/pic_menu_big/1302864437.jpg',0,170,NULL),(2839,26,'с картофелем фри, винным и олимп соусами',NULL,'\'Роллы \'ОЛИМП\'',NULL,NULL,NULL,NULL,NULL,'http://barspb.ru/dishes.php','http://barspb.ru/pic_menu_big/1302864707.jpg',0,220,NULL),(2840,26,'макароны с беконом',NULL,'\'Паста Бекон\'',NULL,NULL,NULL,NULL,NULL,'http://barspb.ru/dishes.php','http://barspb.ru/pic_menu_big/1302864744.jpg',0,130,NULL),(2841,26,'с домашним картофелем и томатным соусом',NULL,'\'Порк шишкибаб\'',NULL,NULL,NULL,NULL,NULL,'http://barspb.ru/dishes.php','http://barspb.ru/pic_menu_big/1302864778.jpg',0,180,NULL),(2842,26,'с картофелем фри и винным соусом',NULL,'\'Чикен шишкибаб\'',NULL,NULL,NULL,NULL,NULL,'http://barspb.ru/dishes.php','http://barspb.ru/pic_menu_big/1302864814.jpg',0,190,NULL),(2843,26,'куриные крылышки с острым соусом',NULL,'\'Чикен Уингсы\'',NULL,NULL,NULL,NULL,NULL,'http://barspb.ru/dishes.php','http://barspb.ru/pic_menu_big/1278486284.jpg',0,190,NULL),(2844,26,'с картофелем фри и томатным соусом',NULL,'\'Ролл бекон\'',NULL,NULL,NULL,NULL,NULL,'http://barspb.ru/dishes.php','http://barspb.ru/pic_menu_big/1302864857.jpg',0,190,NULL),(2845,26,'копчёные свиные ребра с сотрым соусом',NULL,'\'Sмокед Порк Рибс\'',NULL,NULL,NULL,NULL,NULL,'http://barspb.ru/dishes.php','http://barspb.ru/pic_menu_big/1278486728.jpg',0,240,NULL),(2846,26,'Половинка цыпленка жареная',NULL,'Чикен 50/50',NULL,NULL,NULL,NULL,NULL,'http://barspb.ru/dishes.php','http://barspb.ru/pic_menu_big/1278486016.jpg',0,220,NULL),(2847,26,'курица с картошкой в тесте',NULL,'\'Бирный Чикен\'',NULL,NULL,NULL,NULL,NULL,'http://barspb.ru/dishes.php','http://barspb.ru/pic_menu_big/1255527250.jpg',0,120,NULL),(2848,26,'Рулька в медовом соусе',NULL,'\'Рулес\'',NULL,NULL,NULL,NULL,NULL,'http://barspb.ru/dishes.php','http://barspb.ru/pic_menu_big/1278485895.jpg',0,550,NULL),(2849,26,'',NULL,'\'Картофель Айдахо\'',NULL,NULL,NULL,NULL,NULL,'http://barspb.ru/dishes.php','http://barspb.ru/pic_menu_big/1255525833.jpg',0,130,NULL),(2850,26,'олимп-соус',NULL,'\'Олимп\'',NULL,NULL,NULL,NULL,NULL,'http://barspb.ru/dishes.php','http://barspb.ru/pic_menu_big/1255520042.jpg',0,45,NULL),(2851,26,'винный соус',NULL,'\'Vино\'',NULL,NULL,NULL,NULL,NULL,'http://barspb.ru/dishes.php','http://barspb.ru/pic_menu_big/1255520042.jpg',0,45,NULL),(2852,26,'горчица',NULL,'\'Мьюстард\'',NULL,NULL,NULL,NULL,NULL,'http://barspb.ru/dishes.php','http://barspb.ru/pic_menu_big/1255520042.jpg',0,45,NULL),(2853,26,'томатный sоус',NULL,'\'ТОМЭТО\'',NULL,NULL,NULL,NULL,NULL,'http://barspb.ru/dishes.php','http://barspb.ru/pic_menu_big/1255519789.jpg',0,45,NULL),(2854,26,'белый соус',NULL,'\'Май крим\'',NULL,NULL,NULL,NULL,NULL,'http://barspb.ru/dishes.php','http://barspb.ru/pic_menu_big/1255519934.jpg',0,45,NULL),(2855,26,'Сырный соус',NULL,'\'Чииииз\'',NULL,NULL,NULL,NULL,NULL,'http://barspb.ru/dishes.php','http://barspb.ru/pic_menu_big/1255520091.jpg',0,45,NULL),(2856,26,'розовый soус',NULL,'\'ПИНК\'',NULL,NULL,NULL,NULL,NULL,'http://barspb.ru/dishes.php','http://barspb.ru/pic_menu_big/1255519854.jpg',0,45,NULL),(2857,26,'варенье (разное)',NULL,'\'Джемс\'',NULL,NULL,NULL,NULL,NULL,'http://barspb.ru/dishes.php','http://barspb.ru/pic_menu_big/1252670171.jpg',0,20,NULL),(2858,26,'клубничное',NULL,'\'Айс крим\'',NULL,NULL,NULL,NULL,NULL,'http://barspb.ru/dishes.php','http://barspb.ru/pic_menu_big/1255610835.jpg',0,100,NULL),(2859,26,'шоколадное',NULL,'\'Айс крим\'',NULL,NULL,NULL,NULL,NULL,'http://barspb.ru/dishes.php','http://barspb.ru/pic_menu_big/1255610835.jpg',0,100,NULL),(2860,26,'шарлотка с шариком мороженого',NULL,'\'Шарлота\'',NULL,NULL,NULL,NULL,NULL,'http://barspb.ru/dishes.php','http://barspb.ru/pic_menu_big/1278487128.jpg',0,100,NULL),(2861,26,'оригинальное, светлый лагер',NULL,'SПБ Sветлый лагер',NULL,NULL,NULL,NULL,NULL,'http://barspb.ru/dishes.php','http://barspb.ru/pic_menu_big/1255601127.jpg',0,330,NULL),(2862,26,'фруктовое, оригинальное',NULL,'SПБ фруктовое',NULL,NULL,NULL,NULL,NULL,'http://barspb.ru/dishes.php','http://barspb.ru/pic_menu_big/1255600961.jpg',0,280,NULL),(2863,26,'',NULL,'\'Балтика 7\'',NULL,NULL,NULL,NULL,NULL,'http://barspb.ru/dishes.php','http://barspb.ru/pic_menu_big/1260188925.jpg',0,480,NULL),(2864,26,'нефильтрованое',NULL,'\'Пшеничное\'',NULL,NULL,NULL,NULL,NULL,'http://barspb.ru/dishes.php','http://barspb.ru/pic_menu_big/1260187607.jpg',0,530,NULL),(2865,26,'классическое',NULL,'\'Невское\'',NULL,NULL,NULL,NULL,NULL,'http://barspb.ru/dishes.php','http://barspb.ru/pic_menu_big/1260187854.jpg',0,480,NULL),(2866,26,'Карлсберг',NULL,'\'Carlsberg\'',NULL,NULL,NULL,NULL,NULL,'http://barspb.ru/dishes.php','http://barspb.ru/pic_menu_big/1260189205.jpg',0,620,NULL),(2867,26,'Туборг Грин',NULL,'\'Tuborg Green\'',NULL,NULL,NULL,NULL,NULL,'http://barspb.ru/dishes.php','http://barspb.ru/pic_menu_big/1260188013.jpg',0,620,NULL),(2868,26,'Туборг Блэк (темное)',NULL,'\'Тuborg Black\'',NULL,NULL,NULL,NULL,NULL,'http://barspb.ru/dishes.php','http://barspb.ru/pic_menu_big/1260188679.jpg',0,620,NULL),(2869,26,'живое, нефильтрованное',NULL,'\'Ваsилеоsтровsкое Домашнее\'',NULL,NULL,NULL,NULL,NULL,'http://barspb.ru/dishes.php','http://barspb.ru/pic_menu_big/1255604862.jpg',0,330,NULL),(2870,26,'живое красное',NULL,'\'Василеостровское Красное\'',NULL,NULL,NULL,NULL,NULL,'http://barspb.ru/dishes.php','http://barspb.ru/pic_menu_big/1255604735.jpg',0,330,NULL),(2871,26,'Живое тёмноё',NULL,'\'Ваsилеоsтровsкое Тёмное\'',NULL,NULL,NULL,NULL,NULL,'http://barspb.ru/dishes.php','http://barspb.ru/pic_menu_big/1255604944.jpg',0,330,NULL),(2872,26,'Кроненбург Бланк',NULL,'\'Kronenburg BLANC 1664\'',NULL,NULL,NULL,NULL,NULL,'http://barspb.ru/dishes.php',NULL,0,1300,NULL),(2873,26,'грейпфрут, маракуйя',NULL,'\'EVE искристый\'',NULL,NULL,NULL,NULL,NULL,'http://barspb.ru/dishes.php',NULL,0,160,NULL),(2874,26,'Корона Экстра',NULL,'\'Corona Extra\'',NULL,NULL,NULL,NULL,NULL,'http://barspb.ru/dishes.php','http://barspb.ru/pic_menu_big/1260189058.jpg',0,170,NULL),(2875,26,'безалкогольное',NULL,'\'Балтика 0%\'',NULL,NULL,NULL,NULL,NULL,'http://barspb.ru/dishes.php','http://barspb.ru/pic_menu_big/1278487695.jpg',0,80,NULL),(2876,26,'Водка special/soft',NULL,'\'KAUFFMAN\'',NULL,NULL,NULL,NULL,NULL,'http://barspb.ru/dishes.php','http://barspb.ru/pic_menu_big/1255609279.jpg',0,170,NULL),(2877,26,'Коньяк VS/VSOP/XO',NULL,'\'Hennessy\'',NULL,NULL,NULL,NULL,NULL,'http://barspb.ru/dishes.php','http://barspb.ru/pic_menu_big/1255597625.jpg',0,710,NULL),(2878,26,'в ассортименте',NULL,'\'Водка\'',NULL,NULL,NULL,NULL,NULL,'http://barspb.ru/dishes.php','http://barspb.ru/pic_menu_big/1255605327.jpg',0,100,NULL),(2879,26,'Брэнди',NULL,'\'Cortel Napoleon\'',NULL,NULL,NULL,NULL,NULL,'http://barspb.ru/dishes.php','http://barspb.ru/pic_menu_big/1255608361.jpg',0,150,NULL),(2880,26,'Виски special',NULL,'\'OLD SMUGGLER\'',NULL,NULL,NULL,NULL,NULL,'http://barspb.ru/dishes.php','http://barspb.ru/pic_menu_big/1255608249.jpg',0,150,NULL),(2881,26,'Тэкила золотая, серебряная',NULL,'\'TAHONA\'',NULL,NULL,NULL,NULL,NULL,'http://barspb.ru/dishes.php','http://barspb.ru/pic_menu_big/1255599340.jpg',0,150,NULL),(2882,26,'Виsки special',NULL,'\'GLENGRANT\'',NULL,NULL,NULL,NULL,NULL,'http://barspb.ru/dishes.php','http://barspb.ru/pic_menu_big/1255610018.jpg',0,220,NULL),(2883,26,'Ром светлый, темный',NULL,'\'OCUMARE\'',NULL,NULL,NULL,NULL,NULL,'http://barspb.ru/dishes.php','http://barspb.ru/pic_menu_big/menu_15_01_07_08.jpg',0,160,NULL),(2884,26,'Виsки original/quinta ruban',NULL,'\'GLENMORANGIE\'',NULL,NULL,NULL,NULL,NULL,'http://barspb.ru/dishes.php','http://barspb.ru/pic_menu_big/1255609180.jpg',0,550,NULL),(2885,26,'самбука белая',NULL,'\'LAZZARONI\'',NULL,NULL,NULL,NULL,NULL,'http://barspb.ru/dishes.php','http://barspb.ru/pic_menu_big/1255605497.jpg',0,160,NULL),(2886,26,'asti/silver',NULL,'\'Шампанское MONDORO\'',NULL,NULL,NULL,NULL,NULL,'http://barspb.ru/dishes.php',NULL,0,1100,NULL),(2887,26,'',NULL,'\'Вермут\'',NULL,NULL,NULL,NULL,NULL,'http://barspb.ru/dishes.php','http://barspb.ru/pic_menu_big/1255608945.jpg',0,120,NULL),(2888,26,'полусладкое',NULL,'\'Шампанsкое\'',NULL,NULL,NULL,NULL,NULL,'http://barspb.ru/dishes.php',NULL,0,110,NULL),(2889,26,'белое, красное',NULL,'\'ВИНО\'',NULL,NULL,NULL,NULL,NULL,'http://barspb.ru/dishes.php','http://barspb.ru/pic_menu_big/1255609046.jpg',0,140,NULL),(2890,26,'Домашний',NULL,'\'Морс\'',NULL,NULL,NULL,NULL,NULL,'http://barspb.ru/dishes.php','http://barspb.ru/pic_menu_big/1255614955.jpg',0,50,NULL),(2891,26,'Кваs Василеостровский',NULL,'\'Кваs\'',NULL,NULL,NULL,NULL,NULL,'http://barspb.ru/dishes.php','http://barspb.ru/pic_menu_big/1255609722.jpg',0,60,NULL),(2892,26,'Чай Lipton ассортименте',NULL,'\'Колд Ти\'',NULL,NULL,NULL,NULL,NULL,'http://barspb.ru/dishes.php','http://barspb.ru/pic_menu_big/1278487416.jpg',0,130,NULL),(2893,26,'соки в асортименте',NULL,'\'Джуsеs\'',NULL,NULL,NULL,NULL,NULL,'http://barspb.ru/dishes.php','http://barspb.ru/pic_menu_big/1255609606.jpg',0,70,NULL),(2894,26,'Pepsi, Pepsi light, 7UP, Mirinda, Evervess',NULL,'\'Лимонад в ассортименте\'',NULL,NULL,NULL,NULL,NULL,'http://barspb.ru/dishes.php','http://barspb.ru/pic_menu_big/1278487569.jpg',0,100,NULL),(2895,26,'Вода \nAqua Minerale 0.6\nEvian 0.33',NULL,'\'H2O\'',NULL,NULL,NULL,NULL,NULL,'http://barspb.ru/dishes.php','http://barspb.ru/pic_menu_big/1255613477.jpg',0,60,NULL),(2896,26,'Энергетический напиток',NULL,'\'Adrenaline rush\'',NULL,NULL,NULL,NULL,NULL,'http://barspb.ru/dishes.php',NULL,0,130,NULL),(2897,26,'кофе, виски, сливки',NULL,'Кофе \'По Ирландски\'',NULL,NULL,NULL,NULL,NULL,'http://barspb.ru/dishes.php','http://barspb.ru/pic_menu_big/1278487785.jpg',0,160,NULL),(2898,26,'кофе эспрессо/американо/с молоком',NULL,'\'КОФЕ\'',NULL,NULL,NULL,NULL,NULL,'http://barspb.ru/dishes.php','http://barspb.ru/pic_menu_big/1255599129.jpg',0,110,NULL),(2899,26,'чай в чайнике в ассортименте',NULL,'\'Биг Ти\'',NULL,NULL,NULL,NULL,NULL,'http://barspb.ru/dishes.php','http://barspb.ru/pic_menu_big/1255599663.jpg',0,80,NULL),(2900,26,'',NULL,'\'Лимон\'',NULL,NULL,NULL,NULL,NULL,'http://barspb.ru/dishes.php','http://barspb.ru/pic_menu_big/1255614760.jpg',0,10,NULL),(2901,27,'',NULL,'Сити бургер + картофель фри сред. + напиток 0,5 л.',NULL,NULL,NULL,NULL,NULL,'http://citygrillexpress.rumenu/combo/','http://citygrillexpress.ru/img/modules/menu/21/common/c1.jpg',0,149,NULL),(2902,27,'',NULL,'Аризона BBQ + картофель фри средний + напиток 0,5 л.',NULL,NULL,NULL,NULL,NULL,'http://citygrillexpress.rumenu/combo/','http://citygrillexpress.ru/img/modules/menu/49/common/3_b.jpg',0,176,NULL),(2903,27,'',NULL,'Техас бургер + картофель фри сред. + напиток 0,5 л.',NULL,NULL,NULL,NULL,NULL,'http://citygrillexpress.rumenu/combo/','http://citygrillexpress.ru/img/modules/menu/50/common/2_b.jpg',0,225,NULL),(2904,27,'',NULL,' \nТабаско бургер + картофель фри сред. + напиток 0,5 л.',NULL,NULL,NULL,NULL,NULL,'http://citygrillexpress.rumenu/combo/','http://citygrillexpress.ru/img/modules/menu/70/common/bc1.jpg',0,169,NULL),(2905,27,'',NULL,'Амиго бургер + Сити Бир 0,5 л.',NULL,NULL,NULL,NULL,NULL,'http://citygrillexpress.rumenu/combo/','http://citygrillexpress.ru/img/modules/menu/72/common/bc2.jpg',0,159,NULL),(2906,27,'',NULL,'Крылышки (5 шт.) по-техасски',NULL,NULL,NULL,NULL,NULL,'http://citygrillexpress.ru/menu/sand','http://citygrillexpress.ru/img/modules/menu/34/common/krt.jpg',0,98,NULL),(2907,27,'',NULL,'Наггетсы куриные (5 шт.)',NULL,NULL,NULL,NULL,NULL,'http://citygrillexpress.ru/menu/sand','http://citygrillexpress.ru/img/modules/menu/35/common/n.jpg',0,49,NULL),(2908,27,'',NULL,'Сити бургер',NULL,NULL,NULL,NULL,NULL,'http://citygrillexpress.ru/menu/burgers','http://citygrillexpress.ru/img/modules/menu/17/common/city_big.jpg',0,85,NULL),(2909,27,'',NULL,'Калифорния бургер',NULL,NULL,NULL,NULL,NULL,'http://citygrillexpress.ru/menu/burgers','http://citygrillexpress.ru/img/modules/menu/14/common/1.jpg',0,76,NULL),(2910,27,'',NULL,'Вестерн бургер',NULL,NULL,NULL,NULL,NULL,'http://citygrillexpress.ru/menu/burgers','http://citygrillexpress.ru/img/modules/menu/20/common/vest.jpg',0,183,NULL),(2911,27,'',NULL,'Дакота чикен бургер. Куриное филе в кляре, свит чили соус',NULL,NULL,NULL,NULL,NULL,'http://citygrillexpress.ru/menu/burgers','http://citygrillexpress.ru/img/modules/menu/38/common/8.jpg',0,85,NULL),(2912,27,'',NULL,'Табаско бургер',NULL,NULL,NULL,NULL,NULL,'http://citygrillexpress.ru/menu/burgers','http://citygrillexpress.ru/img/modules/menu/42/common/12.jpg',0,127,NULL),(2913,27,'',NULL,'Гамбургер',NULL,NULL,NULL,NULL,NULL,'http://citygrillexpress.ru/menu/burgers','http://citygrillexpress.ru/img/modules/menu/44/common/gamb_big.jpg',0,35,NULL),(2914,27,'',NULL,'Техас бургер',NULL,NULL,NULL,NULL,NULL,'http://citygrillexpress.ru/menu/burgers','http://citygrillexpress.ru/img/modules/menu/46/common/th.jpg',0,150,NULL),(2915,27,'',NULL,'Карибский бургер',NULL,NULL,NULL,NULL,NULL,'http://citygrillexpress.ru/menu/burgers','http://citygrillexpress.ru/img/modules/menu/47/common/karib_big.jpg',0,95,NULL),(2916,27,'',NULL,'Чикен бургер',NULL,NULL,NULL,NULL,NULL,'http://citygrillexpress.ru/menu/burgers','http://citygrillexpress.ru/img/modules/menu/48/common/chiken_big.jpg',0,49,NULL),(2917,27,'',NULL,'Бруклин бургер',NULL,NULL,NULL,NULL,NULL,'http://citygrillexpress.ru/menu/burgers','http://citygrillexpress.ru/img/modules/menu/51/common/11_b.jpg',0,146,NULL),(2918,27,'',NULL,'Кентуки чикен бургер',NULL,NULL,NULL,NULL,NULL,'http://citygrillexpress.ru/menu/burgers','http://citygrillexpress.ru/img/modules/menu/52/common/4_b.jpg',0,65,NULL),(2919,27,'',NULL,'Хот-дог венский',NULL,NULL,NULL,NULL,NULL,'http://citygrillexpress.ru/menu/burgers','http://citygrillexpress.ru/img/modules/menu/54/common/7_b.jpg',0,48,NULL),(2920,27,'',NULL,'Чизбургер',NULL,NULL,NULL,NULL,NULL,'http://citygrillexpress.ru/menu/burgers','http://citygrillexpress.ru/img/modules/menu/59/common/chburger_big.jpg',0,49,NULL),(2921,27,'',NULL,'Кантри чикен бургер',NULL,NULL,NULL,NULL,NULL,'http://citygrillexpress.ru/menu/burgers','http://citygrillexpress.ru/img/modules/menu/61/common/cantry_big.jpg',0,69,NULL),(2922,27,'',NULL,'Брайтон бекон',NULL,NULL,NULL,NULL,NULL,'http://citygrillexpress.ru/menu/burgers','http://citygrillexpress.ru/img/modules/menu/62/common/b1.jpg',0,89,NULL),(2923,27,'',NULL,'Брайтон бургер',NULL,NULL,NULL,NULL,NULL,'http://citygrillexpress.ru/menu/burgers','http://citygrillexpress.ru/img/modules/menu/63/common/b2.jpg',0,77,NULL),(2924,27,'',NULL,'Канзас сити бургер',NULL,NULL,NULL,NULL,NULL,'http://citygrillexpress.ru/menu/burgers','http://citygrillexpress.ru/img/modules/menu/65/common/b9.jpg',0,75,NULL),(2925,27,'',NULL,'Карри чикен бургер',NULL,NULL,NULL,NULL,NULL,'http://citygrillexpress.ru/menu/burgers','http://citygrillexpress.ru/img/modules/menu/66/common/b4.jpg',0,77,NULL),(2926,27,'',NULL,'Чили чикен бургер',NULL,NULL,NULL,NULL,NULL,'http://citygrillexpress.ru/menu/burgers','http://citygrillexpress.ru/img/modules/menu/67/common/b7.jpg',0,79,NULL),(2927,27,'',NULL,'Барбекю чикен бургер',NULL,NULL,NULL,NULL,NULL,'http://citygrillexpress.ru/menu/burgers','http://citygrillexpress.ru/img/modules/menu/68/common/b5.jpg',0,86,NULL),(2928,27,'',NULL,'Амиго бургер',NULL,NULL,NULL,NULL,NULL,'http://citygrillexpress.ru/menu/burgers','http://citygrillexpress.ru/img/modules/menu/71/common/b3.jpg',0,85,NULL),(2929,27,'',NULL,'Картофель фри в ассортименте',NULL,NULL,NULL,NULL,NULL,'http://citygrillexpress.ru/menu/potato','http://citygrillexpress.ru/img/modules/menu/26/common/kk.jpg',0,35,NULL),(2930,27,'',NULL,'Салат «Цезарь»',NULL,NULL,NULL,NULL,NULL,'http://citygrillexpress.ru/menu/salads','http://citygrillexpress.ru/img/modules/menu/28/common/ss1.jpg',0,98,NULL),(2931,27,'',NULL,'Чизкейки в ассортименте',NULL,NULL,NULL,NULL,NULL,'http://citygrillexpress.ru/menu/deserts','http://citygrillexpress.ru/img/modules/menu/25/common/tt.jpg',0,97,NULL),(2932,27,'',NULL,'Кофе капучино',NULL,NULL,NULL,NULL,NULL,'http://citygrillexpress.ru/menu/drinks','http://citygrillexpress.ru/img/modules/menu/27/common/5.jpg',0,69,NULL),(2933,27,'',NULL,'Кофе эспрессо',NULL,NULL,NULL,NULL,NULL,'http://citygrillexpress.ru/menu/drinks','http://citygrillexpress.ru/img/modules/menu/37/common/7.jpg',0,47,NULL),(2934,27,'',NULL,'Газированные напитки',NULL,NULL,NULL,NULL,NULL,'http://citygrillexpress.ru/menu/drinks','http://citygrillexpress.ru/img/modules/menu/31/common/2.jpg',0,40,NULL),(2935,28,'',NULL,'Виски Black&White',NULL,NULL,NULL,NULL,NULL,'http://killfish.ru/menu.html',NULL,0,77,NULL),(2936,28,'',NULL,'Виски Suntory',NULL,NULL,NULL,NULL,NULL,'http://killfish.ru/menu.html',NULL,0,110,NULL),(2937,28,'',NULL,'Виски Jim Beam',NULL,NULL,NULL,NULL,NULL,'http://killfish.ru/menu.html',NULL,0,110,NULL),(2938,28,'',NULL,'Виски Johnnie Walker Red Label',NULL,NULL,NULL,NULL,NULL,'http://killfish.ru/menu.html',NULL,0,143,NULL),(2939,28,'',NULL,'Виски Bushmills',NULL,NULL,NULL,NULL,NULL,'http://killfish.ru/menu.html',NULL,0,154,NULL),(2940,28,'',NULL,'Виски Johnnie Walker Black Label',NULL,NULL,NULL,NULL,NULL,'http://killfish.ru/menu.html',NULL,0,198,NULL),(2941,28,'',NULL,'Водка Зеленая Марка',NULL,NULL,NULL,NULL,NULL,'http://killfish.ru/menu.html',NULL,0,55,NULL),(2942,28,'',NULL,'Водка Смирнов',NULL,NULL,NULL,NULL,NULL,'http://killfish.ru/menu.html',NULL,0,66,NULL),(2943,28,'',NULL,'Водка Русский Стандарт',NULL,NULL,NULL,NULL,NULL,'http://killfish.ru/menu.html',NULL,0,88,NULL),(2944,28,'',NULL,'Caribbean White Rum',NULL,NULL,NULL,NULL,NULL,'http://killfish.ru/menu.html',NULL,0,88,NULL),(2945,28,'',NULL,'Captain Morgan Spiced Gold',NULL,NULL,NULL,NULL,NULL,'http://killfish.ru/menu.html',NULL,0,110,NULL),(2946,28,'',NULL,'Captain Morgan Black',NULL,NULL,NULL,NULL,NULL,'http://killfish.ru/menu.html',NULL,0,121,NULL),(2947,28,'',NULL,'Бренди De Pourvil Napoleon',NULL,NULL,NULL,NULL,NULL,'http://killfish.ru/menu.html',NULL,0,88,NULL),(2948,28,'',NULL,'Коньяк Henri Mounier VS',NULL,NULL,NULL,NULL,NULL,'http://killfish.ru/menu.html',NULL,0,143,NULL),(2949,28,'',NULL,'Текила Silver',NULL,NULL,NULL,NULL,NULL,'http://killfish.ru/menu.html',NULL,0,88,NULL),(2950,28,'',NULL,'Текила Sauza Gold',NULL,NULL,NULL,NULL,NULL,'http://killfish.ru/menu.html',NULL,0,121,NULL),(2951,28,'',NULL,'Абсент Xenta',NULL,NULL,NULL,NULL,NULL,'http://killfish.ru/menu.html',NULL,0,132,NULL),(2952,28,'',NULL,'Самбука Giarola',NULL,NULL,NULL,NULL,NULL,'http://killfish.ru/menu.html',NULL,0,132,NULL),(2953,28,'',NULL,'Джин Larios Dry',NULL,NULL,NULL,NULL,NULL,'http://killfish.ru/menu.html',NULL,0,88,NULL),(2954,28,'',NULL,'Джин Gordons',NULL,NULL,NULL,NULL,NULL,'http://killfish.ru/menu.html',NULL,0,110,NULL),(2955,28,'',NULL,'Вермут Gran Torino Bianco',NULL,NULL,NULL,NULL,NULL,'http://killfish.ru/menu.html',NULL,0,55,NULL),(2956,28,'',NULL,'Вермут Gran Torino Rosso',NULL,NULL,NULL,NULL,NULL,'http://killfish.ru/menu.html',NULL,0,55,NULL),(2957,28,'',NULL,'Вермут Gran Torino Extra Dry',NULL,NULL,NULL,NULL,NULL,'http://killfish.ru/menu.html',NULL,0,55,NULL),(2958,28,'',NULL,'Вермут Martini Bianco',NULL,NULL,NULL,NULL,NULL,'http://killfish.ru/menu.html',NULL,0,77,NULL),(2959,28,'',NULL,'Вермут Martini Rosso',NULL,NULL,NULL,NULL,NULL,'http://killfish.ru/menu.html',NULL,0,77,NULL),(2960,28,'',NULL,'Вермут Martini Extra Dry',NULL,NULL,NULL,NULL,NULL,'http://killfish.ru/menu.html',NULL,0,77,NULL),(2961,28,'',NULL,'Вино Vina Morena, белое полусладкое (0,1л)',NULL,NULL,NULL,NULL,NULL,'http://killfish.ru/menu.html',NULL,0,88,NULL),(2962,28,'',NULL,'Вино Vina Morena, белое сухое (0,1 л)',NULL,NULL,NULL,NULL,NULL,'http://killfish.ru/menu.html',NULL,0,88,NULL),(2963,28,'',NULL,'Вино Vina Morena, красное полусладкое (0,1л)',NULL,NULL,NULL,NULL,NULL,'http://killfish.ru/menu.html',NULL,0,88,NULL),(2964,28,'',NULL,'Вино Vina Morena, красное сухое (0,1л)',NULL,NULL,NULL,NULL,NULL,'http://killfish.ru/menu.html',NULL,0,88,NULL),(2965,28,'',NULL,'Вино Vina Morena, белое полусладкое (0,75л)',NULL,NULL,NULL,NULL,NULL,'http://killfish.ru/menu.html',NULL,0,660,NULL),(2966,28,'',NULL,'Вино Vina Morena, белое сухое (0,75л)',NULL,NULL,NULL,NULL,NULL,'http://killfish.ru/menu.html',NULL,0,660,NULL),(2967,28,'',NULL,'Вино Vina Morena, красное полусладкое (0,75л)',NULL,NULL,NULL,NULL,NULL,'http://killfish.ru/menu.html',NULL,0,660,NULL),(2968,28,'',NULL,'Вино Vina Morena, красное сухое (0,75л)',NULL,NULL,NULL,NULL,NULL,'http://killfish.ru/menu.html',NULL,0,660,NULL),(2969,28,'',NULL,'Шампанское Российское (0,15л)',NULL,NULL,NULL,NULL,NULL,'http://killfish.ru/menu.html',NULL,0,77,NULL),(2970,28,'',NULL,'Шампанское Российское (0,75л)',NULL,NULL,NULL,NULL,NULL,'http://killfish.ru/menu.html',NULL,0,385,NULL),(2971,28,'',NULL,'Ликер Baileys',NULL,NULL,NULL,NULL,NULL,'http://killfish.ru/menu.html',NULL,0,132,NULL),(2972,28,'',NULL,'Ликер Kahlua',NULL,NULL,NULL,NULL,NULL,'http://killfish.ru/menu.html',NULL,0,132,NULL),(2973,28,'',NULL,'Ликер Campari',NULL,NULL,NULL,NULL,NULL,'http://killfish.ru/menu.html',NULL,0,132,NULL),(2974,28,'',NULL,'Ликер Galliano',NULL,NULL,NULL,NULL,NULL,'http://killfish.ru/menu.html',NULL,0,132,NULL),(2975,28,'',NULL,'Ликер Advocaat',NULL,NULL,NULL,NULL,NULL,'http://killfish.ru/menu.html',NULL,0,132,NULL),(2976,28,'',NULL,'Ликер Blue Curacao',NULL,NULL,NULL,NULL,NULL,'http://killfish.ru/menu.html',NULL,0,132,NULL),(2977,28,'',NULL,'Ликер Amaretto',NULL,NULL,NULL,NULL,NULL,'http://killfish.ru/menu.html',NULL,0,132,NULL),(2978,28,'',NULL,'Ликер Triple Sec',NULL,NULL,NULL,NULL,NULL,'http://killfish.ru/menu.html',NULL,0,132,NULL),(2979,28,'',NULL,'Ликер Apricot Brandy',NULL,NULL,NULL,NULL,NULL,'http://killfish.ru/menu.html',NULL,0,132,NULL),(2980,28,'',NULL,'Ликер Banane',NULL,NULL,NULL,NULL,NULL,'http://killfish.ru/menu.html',NULL,0,132,NULL),(2981,28,'',NULL,'Ликер Йогурт',NULL,NULL,NULL,NULL,NULL,'http://killfish.ru/menu.html',NULL,0,132,NULL),(2982,28,'',NULL,'Discount Beer (0.5л)',NULL,NULL,NULL,NULL,NULL,'http://killfish.ru/menu.html',NULL,0,66,NULL),(2983,28,'',NULL,'Discount beer (1л)',NULL,NULL,NULL,NULL,NULL,'http://killfish.ru/menu.html',NULL,0,132,NULL),(2984,28,'',NULL,'Marstons (0.5л)',NULL,NULL,NULL,NULL,NULL,'http://killfish.ru/menu.html',NULL,0,165,NULL),(2985,28,'',NULL,'Hoegaarden (0.5л)',NULL,NULL,NULL,NULL,NULL,'http://killfish.ru/menu.html',NULL,0,165,NULL),(2986,28,'',NULL,'Василеостровское темное (1л)',NULL,NULL,NULL,NULL,NULL,'http://killfish.ru/menu.html',NULL,0,198,NULL),(2987,28,'',NULL,'Василеостровское нефильтрованное (1л)',NULL,NULL,NULL,NULL,NULL,'http://killfish.ru/menu.html',NULL,0,198,NULL),(2988,28,'',NULL,'Marstons (1л)',NULL,NULL,NULL,NULL,NULL,'http://killfish.ru/menu.html',NULL,0,330,NULL),(2989,28,'',NULL,'Hoegaarden (1л)',NULL,NULL,NULL,NULL,NULL,'http://killfish.ru/menu.html',NULL,0,330,NULL),(2990,28,'',NULL,'Pepsi (0.2л)',NULL,NULL,NULL,NULL,NULL,'http://killfish.ru/menu.html',NULL,0,44,NULL),(2991,28,'',NULL,'7Up (0.2л)',NULL,NULL,NULL,NULL,NULL,'http://killfish.ru/menu.html',NULL,0,44,NULL),(2992,28,'',NULL,'Evervess Tonic (0.2л)',NULL,NULL,NULL,NULL,NULL,'http://killfish.ru/menu.html',NULL,0,44,NULL),(2993,28,'',NULL,'Квас Василеостровский (0.5л)',NULL,NULL,NULL,NULL,NULL,'http://killfish.ru/menu.html',NULL,0,44,NULL),(2994,28,'',NULL,'Pepsi (банка, 0.33л)',NULL,NULL,NULL,NULL,NULL,'http://killfish.ru/menu.html',NULL,0,55,NULL),(2995,28,'',NULL,'7Up (банка, 0.33л)',NULL,NULL,NULL,NULL,NULL,'http://killfish.ru/menu.html',NULL,0,55,NULL),(2996,28,'',NULL,'Evervess Tonic (банка, 0.33л)',NULL,NULL,NULL,NULL,NULL,'http://killfish.ru/menu.html',NULL,0,55,NULL),(2997,28,'',NULL,'Stella Artois б/а (0,5л)',NULL,NULL,NULL,NULL,NULL,'http://killfish.ru/menu.html',NULL,0,132,NULL),(2998,28,'',NULL,'Сок апельсиновый (0.2л)',NULL,NULL,NULL,NULL,NULL,'http://killfish.ru/menu.html',NULL,0,44,NULL),(2999,28,'',NULL,'Сок томатный (0.2л)',NULL,NULL,NULL,NULL,NULL,'http://killfish.ru/menu.html',NULL,0,44,NULL),(3000,28,'',NULL,'Сок вишневый (0.2л)',NULL,NULL,NULL,NULL,NULL,'http://killfish.ru/menu.html',NULL,0,44,NULL),(3001,28,'',NULL,'Сок яблочный (0.2л)',NULL,NULL,NULL,NULL,NULL,'http://killfish.ru/menu.html',NULL,0,44,NULL),(3002,28,'',NULL,'Сок грейпфрутовый (0.2л)',NULL,NULL,NULL,NULL,NULL,'http://killfish.ru/menu.html',NULL,0,44,NULL),(3003,28,'',NULL,'Сок ананасовый (0.2л)',NULL,NULL,NULL,NULL,NULL,'http://killfish.ru/menu.html',NULL,0,44,NULL),(3004,28,'',NULL,'Аква минерале (газ, бут, 0.6л)',NULL,NULL,NULL,NULL,NULL,'http://killfish.ru/menu.html',NULL,0,55,NULL),(3005,28,'',NULL,'Аква минерале (б/г, бут, 0.6л)',NULL,NULL,NULL,NULL,NULL,'http://killfish.ru/menu.html',NULL,0,55,NULL),(3006,28,'',NULL,'Аdrenalin Rush (бан, 0.25л)',NULL,NULL,NULL,NULL,NULL,'http://killfish.ru/menu.html',NULL,0,77,NULL),(3007,28,'',NULL,'Чай черный (чайник, 0.4л)',NULL,NULL,NULL,NULL,NULL,'http://killfish.ru/menu.html',NULL,0,77,NULL),(3008,28,'',NULL,'Чай зеленый (чайник, 0.4л)',NULL,NULL,NULL,NULL,NULL,'http://killfish.ru/menu.html',NULL,0,77,NULL),(3009,28,'',NULL,'Чай нахальный фрукт (чайник, 0.4л)',NULL,NULL,NULL,NULL,NULL,'http://killfish.ru/menu.html',NULL,0,77,NULL),(3010,28,'',NULL,'Чай зеленый жасмин (чайник, 0.4л)',NULL,NULL,NULL,NULL,NULL,'http://killfish.ru/menu.html',NULL,0,77,NULL),(3011,28,'',NULL,'Чай Earl Grey (чайник, 0.4л)',NULL,NULL,NULL,NULL,NULL,'http://killfish.ru/menu.html',NULL,0,77,NULL),(3012,28,'',NULL,'Чай земляника со сливками (чайник, 0.4л)',NULL,NULL,NULL,NULL,NULL,'http://killfish.ru/menu.html',NULL,0,77,NULL),(3013,28,'',NULL,'Чай китайский лимон (чайник, 0.4л)',NULL,NULL,NULL,NULL,NULL,'http://killfish.ru/menu.html',NULL,0,77,NULL),(3014,28,'',NULL,'Чай черный чабрец (чайник, 0.4л)',NULL,NULL,NULL,NULL,NULL,'http://killfish.ru/menu.html',NULL,0,77,NULL),(3015,28,'',NULL,'Эспрессо',NULL,NULL,NULL,NULL,NULL,'http://killfish.ru/menu.html',NULL,0,44,NULL),(3016,28,'',NULL,'Американо',NULL,NULL,NULL,NULL,NULL,'http://killfish.ru/menu.html',NULL,0,55,NULL),(3017,28,'',NULL,'Капуччино',NULL,NULL,NULL,NULL,NULL,'http://killfish.ru/menu.html',NULL,0,66,NULL),(3018,28,'',NULL,'Кофе латте',NULL,NULL,NULL,NULL,NULL,'http://killfish.ru/menu.html',NULL,0,77,NULL),(3019,28,'',NULL,'Кофе гляссе',NULL,NULL,NULL,NULL,NULL,'http://killfish.ru/menu.html',NULL,0,88,NULL),(3020,28,'',NULL,'Селедочка под водочку',NULL,NULL,NULL,NULL,NULL,'http://killfish.ru/menu.html',NULL,0,77,NULL),(3021,28,'',NULL,'Креветки к пиву',NULL,NULL,NULL,NULL,NULL,'http://killfish.ru/menu.html',NULL,0,88,NULL),(3022,28,'',NULL,'Крабовые рулетики',NULL,NULL,NULL,NULL,NULL,'http://killfish.ru/menu.html',NULL,0,110,NULL),(3023,28,'',NULL,'Рулетики ассорти',NULL,NULL,NULL,NULL,NULL,'http://killfish.ru/menu.html',NULL,0,132,NULL),(3024,28,'',NULL,'Тосты с лососем',NULL,NULL,NULL,NULL,NULL,'http://killfish.ru/menu.html',NULL,0,132,NULL),(3025,28,'',NULL,'Клаб сэндвич',NULL,NULL,NULL,NULL,NULL,'http://killfish.ru/menu.html',NULL,0,132,NULL),(3026,28,'',NULL,'Мясная тарелка',NULL,NULL,NULL,NULL,NULL,'http://killfish.ru/menu.html',NULL,0,165,NULL),(3027,28,'',NULL,'Гренки с чесноком',NULL,NULL,NULL,NULL,NULL,'http://killfish.ru/menu.html',NULL,0,55,NULL),(3028,28,'',NULL,'Гренки с сыром',NULL,NULL,NULL,NULL,NULL,'http://killfish.ru/menu.html',NULL,0,55,NULL),(3029,28,'',NULL,'Куки-Наки',NULL,NULL,NULL,NULL,NULL,'http://killfish.ru/menu.html',NULL,0,55,NULL),(3030,28,'',NULL,'Гренки с чесноком и сыром',NULL,NULL,NULL,NULL,NULL,'http://killfish.ru/menu.html',NULL,0,66,NULL),(3031,28,'',NULL,'Какорешки',NULL,NULL,NULL,NULL,NULL,'http://killfish.ru/menu.html',NULL,0,77,NULL),(3032,28,'',NULL,'Блинчики с курой',NULL,NULL,NULL,NULL,NULL,'http://killfish.ru/menu.html',NULL,0,88,NULL),(3033,28,'',NULL,'Блинчики с мясом',NULL,NULL,NULL,NULL,NULL,'http://killfish.ru/menu.html',NULL,0,88,NULL),(3034,28,'',NULL,'Блинчики с ветчиной и сыром',NULL,NULL,NULL,NULL,NULL,'http://killfish.ru/menu.html',NULL,0,88,NULL),(3035,28,'',NULL,'Жульен грибной',NULL,NULL,NULL,NULL,NULL,'http://killfish.ru/menu.html',NULL,0,88,NULL),(3036,28,'',NULL,'Жульен куриный',NULL,NULL,NULL,NULL,NULL,'http://killfish.ru/menu.html',NULL,0,88,NULL),(3037,28,'',NULL,'Сырные палочки',NULL,NULL,NULL,NULL,NULL,'http://killfish.ru/menu.html',NULL,0,88,NULL),(3038,28,'',NULL,'Кольца кальмара',NULL,NULL,NULL,NULL,NULL,'http://killfish.ru/menu.html',NULL,0,88,NULL),(3039,28,'',NULL,'Яичница с беконом',NULL,NULL,NULL,NULL,NULL,'http://killfish.ru/menu.html',NULL,0,88,NULL),(3040,28,'',NULL,'Лошарики',NULL,NULL,NULL,NULL,NULL,'http://killfish.ru/menu.html',NULL,0,110,NULL),(3041,28,'',NULL,'Чикен наггетс',NULL,NULL,NULL,NULL,NULL,'http://killfish.ru/menu.html',NULL,0,110,NULL),(3042,28,'',NULL,'Язык в сливках',NULL,NULL,NULL,NULL,NULL,'http://killfish.ru/menu.html',NULL,0,121,NULL),(3043,28,'',NULL,'Драники с ветчиной',NULL,NULL,NULL,NULL,NULL,'http://killfish.ru/menu.html',NULL,0,121,NULL),(3044,28,'',NULL,'Картофель по-венски',NULL,NULL,NULL,NULL,NULL,'http://killfish.ru/menu.html',NULL,0,132,NULL),(3045,28,'',NULL,'Курячник',NULL,NULL,NULL,NULL,NULL,'http://killfish.ru/menu.html',NULL,0,132,NULL),(3046,28,'',NULL,'Ассорти к пиву',NULL,NULL,NULL,NULL,NULL,'http://killfish.ru/menu.html',NULL,0,143,NULL),(3047,28,'',NULL,'Охотничьи колбаски',NULL,NULL,NULL,NULL,NULL,'http://killfish.ru/menu.html',NULL,0,154,NULL),(3048,28,'',NULL,'Куриные сердечки',NULL,NULL,NULL,NULL,NULL,'http://killfish.ru/menu.html',NULL,0,154,NULL),(3049,28,'',NULL,'Куриные крылья',NULL,NULL,NULL,NULL,NULL,'http://killfish.ru/menu.html',NULL,0,154,NULL),(3050,28,'',NULL,'Свиные ребрышки',NULL,NULL,NULL,NULL,NULL,'http://killfish.ru/menu.html',NULL,0,165,NULL),(3051,28,'',NULL,'Салат Весенний',NULL,NULL,NULL,NULL,NULL,'http://killfish.ru/menu.html',NULL,0,55,NULL),(3052,28,'',NULL,'Салат Деревенский',NULL,NULL,NULL,NULL,NULL,'http://killfish.ru/menu.html',NULL,0,88,NULL),(3053,28,'',NULL,'Салат Рыбачок',NULL,NULL,NULL,NULL,NULL,'http://killfish.ru/menu.html',NULL,0,88,NULL),(3054,28,'',NULL,'Салат Греческий',NULL,NULL,NULL,NULL,NULL,'http://killfish.ru/menu.html',NULL,0,88,NULL),(3055,28,'',NULL,'Салат Итальянский',NULL,NULL,NULL,NULL,NULL,'http://killfish.ru/menu.html',NULL,0,88,NULL),(3056,28,'',NULL,'Салат Кальмакур',NULL,NULL,NULL,NULL,NULL,'http://killfish.ru/menu.html',NULL,0,88,NULL),(3057,28,'',NULL,'Салат Мимоза',NULL,NULL,NULL,NULL,NULL,'http://killfish.ru/menu.html',NULL,0,88,NULL),(3058,28,'',NULL,'Салат Оливье',NULL,NULL,NULL,NULL,NULL,'http://killfish.ru/menu.html',NULL,0,88,NULL),(3059,28,'',NULL,'Салат Три богатыря',NULL,NULL,NULL,NULL,NULL,'http://killfish.ru/menu.html',NULL,0,110,NULL),(3060,28,'',NULL,'Салат Цезарь',NULL,NULL,NULL,NULL,NULL,'http://killfish.ru/menu.html',NULL,0,121,NULL),(3061,28,'',NULL,'Борщ украинский',NULL,NULL,NULL,NULL,NULL,'http://killfish.ru/menu.html',NULL,0,121,NULL),(3062,28,'',NULL,'Солянка',NULL,NULL,NULL,NULL,NULL,'http://killfish.ru/menu.html',NULL,0,121,NULL),(3063,28,'',NULL,'Уха по-фински',NULL,NULL,NULL,NULL,NULL,'http://killfish.ru/menu.html',NULL,0,121,NULL),(3064,28,'',NULL,'Баварские сосиски',NULL,NULL,NULL,NULL,NULL,'http://killfish.ru/menu.html',NULL,0,154,NULL),(3065,28,'',NULL,'Спагетти Карбонара',NULL,NULL,NULL,NULL,NULL,'http://killfish.ru/menu.html',NULL,0,154,NULL),(3066,28,'',NULL,'Шашлычок из куры',NULL,NULL,NULL,NULL,NULL,'http://killfish.ru/menu.html',NULL,0,165,NULL),(3067,28,'',NULL,'Шашлычок из свинины',NULL,NULL,NULL,NULL,NULL,'http://killfish.ru/menu.html',NULL,0,165,NULL),(3068,28,'',NULL,'Домашние пельмени',NULL,NULL,NULL,NULL,NULL,'http://killfish.ru/menu.html',NULL,0,165,NULL),(3069,28,'',NULL,'Котлета по-киевски',NULL,NULL,NULL,NULL,NULL,'http://killfish.ru/menu.html',NULL,0,165,NULL),(3070,28,'',NULL,'Рыбка с дымком',NULL,NULL,NULL,NULL,NULL,'http://killfish.ru/menu.html',NULL,0,165,NULL),(3071,28,'',NULL,'Рыба запеченная с креветками',NULL,NULL,NULL,NULL,NULL,'http://killfish.ru/menu.html',NULL,0,165,NULL),(3072,28,'',NULL,'Спагетти дель Мар',NULL,NULL,NULL,NULL,NULL,'http://killfish.ru/menu.html',NULL,0,165,NULL),(3073,28,'',NULL,'Стэйк из лосося',NULL,NULL,NULL,NULL,NULL,'http://killfish.ru/menu.html',NULL,0,198,NULL),(3074,28,'',NULL,'Свинина по-французски',NULL,NULL,NULL,NULL,NULL,'http://killfish.ru/menu.html',NULL,0,198,NULL),(3075,28,'',NULL,'Бефстроганов',NULL,NULL,NULL,NULL,NULL,'http://killfish.ru/menu.html',NULL,0,198,NULL),(3076,28,'',NULL,'Стейк в беконе',NULL,NULL,NULL,NULL,NULL,'http://killfish.ru/menu.html',NULL,0,198,NULL),(3077,28,'',NULL,'Говядина по-китайски',NULL,NULL,NULL,NULL,NULL,'http://killfish.ru/menu.html',NULL,0,198,NULL),(3078,28,'',NULL,'Рис',NULL,NULL,NULL,NULL,NULL,'http://killfish.ru/menu.html',NULL,0,44,NULL),(3079,28,'',NULL,'Рис с овощами',NULL,NULL,NULL,NULL,NULL,'http://killfish.ru/menu.html',NULL,0,44,NULL),(3080,28,'',NULL,'Картофель по-деревенски',NULL,NULL,NULL,NULL,NULL,'http://killfish.ru/menu.html',NULL,0,44,NULL),(3081,28,'',NULL,'Картофель фри',NULL,NULL,NULL,NULL,NULL,'http://killfish.ru/menu.html',NULL,0,44,NULL),(3082,28,'',NULL,'Овощи в сливках',NULL,NULL,NULL,NULL,NULL,'http://killfish.ru/menu.html',NULL,0,44,NULL),(3083,28,'',NULL,'Цветная капуста жареная',NULL,NULL,NULL,NULL,NULL,'http://killfish.ru/menu.html',NULL,0,44,NULL),(3084,28,'',NULL,'Гохан',NULL,NULL,NULL,NULL,NULL,'http://killfish.ru/menu.html',NULL,0,44,NULL),(3085,28,'',NULL,'Аджика',NULL,NULL,NULL,NULL,NULL,'http://killfish.ru/menu.html',NULL,0,22,NULL),(3086,28,'',NULL,'Соус Тар-Тар',NULL,NULL,NULL,NULL,NULL,'http://killfish.ru/menu.html',NULL,0,22,NULL),(3087,28,'',NULL,'Соус Сливочно-грибной',NULL,NULL,NULL,NULL,NULL,'http://killfish.ru/menu.html',NULL,0,22,NULL),(3088,28,'',NULL,'Соус Шашлычный',NULL,NULL,NULL,NULL,NULL,'http://killfish.ru/menu.html',NULL,0,22,NULL),(3089,28,'',NULL,'Соус Чесночный',NULL,NULL,NULL,NULL,NULL,'http://killfish.ru/menu.html',NULL,0,22,NULL),(3090,28,'',NULL,'Соус Барбекю',NULL,NULL,NULL,NULL,NULL,'http://killfish.ru/menu.html',NULL,0,22,NULL),(3091,28,'',NULL,'Сметана',NULL,NULL,NULL,NULL,NULL,'http://killfish.ru/menu.html',NULL,0,22,NULL),(3092,28,'',NULL,'Кетчуп',NULL,NULL,NULL,NULL,NULL,'http://killfish.ru/menu.html',NULL,0,22,NULL),(3093,28,'',NULL,'Соус Сырный',NULL,NULL,NULL,NULL,NULL,'http://killfish.ru/menu.html',NULL,0,22,NULL),(3094,28,'',NULL,'Рыжая собака',NULL,NULL,NULL,NULL,NULL,'http://killfish.ru/menu.html',NULL,0,132,NULL),(3095,28,'',NULL,'A-52',NULL,NULL,NULL,NULL,NULL,'http://killfish.ru/menu.html',NULL,0,132,NULL),(3096,28,'',NULL,'Пылкий любовник',NULL,NULL,NULL,NULL,NULL,'http://killfish.ru/menu.html',NULL,0,132,NULL),(3097,28,'',NULL,'Собака.ru',NULL,NULL,NULL,NULL,NULL,'http://killfish.ru/menu.html',NULL,0,132,NULL),(3098,28,'',NULL,'Копперфильд',NULL,NULL,NULL,NULL,NULL,'http://killfish.ru/menu.html',NULL,0,132,NULL),(3099,28,'',NULL,'Скользкие соски',NULL,NULL,NULL,NULL,NULL,'http://killfish.ru/menu.html',NULL,0,132,NULL),(3100,28,'',NULL,'Б-52',NULL,NULL,NULL,NULL,NULL,'http://killfish.ru/menu.html',NULL,0,132,NULL),(3101,28,'',NULL,'Т-55',NULL,NULL,NULL,NULL,NULL,'http://killfish.ru/menu.html',NULL,0,132,NULL),(3102,28,'',NULL,'Опухоль мозга',NULL,NULL,NULL,NULL,NULL,'http://killfish.ru/menu.html',NULL,0,132,NULL),(3103,28,'',NULL,'ABC',NULL,NULL,NULL,NULL,NULL,'http://killfish.ru/menu.html',NULL,0,132,NULL),(3104,28,'',NULL,'Боярский',NULL,NULL,NULL,NULL,NULL,'http://killfish.ru/menu.html',NULL,0,132,NULL),(3105,28,'',NULL,'Шмель',NULL,NULL,NULL,NULL,NULL,'http://killfish.ru/menu.html',NULL,0,132,NULL),(3106,28,'',NULL,'Хиросима',NULL,NULL,NULL,NULL,NULL,'http://killfish.ru/menu.html',NULL,0,132,NULL),(3107,28,'',NULL,'Российский флаг',NULL,NULL,NULL,NULL,NULL,'http://killfish.ru/menu.html',NULL,0,132,NULL),(3108,28,'',NULL,'Укус вампира',NULL,NULL,NULL,NULL,NULL,'http://killfish.ru/menu.html',NULL,0,132,NULL),(3109,28,'',NULL,'Сашашот',NULL,NULL,NULL,NULL,NULL,'http://killfish.ru/menu.html',NULL,0,132,NULL),(3110,28,'',NULL,'Пашашот',NULL,NULL,NULL,NULL,NULL,'http://killfish.ru/menu.html',NULL,0,132,NULL),(3111,28,'',NULL,'Моко Чоколато',NULL,NULL,NULL,NULL,NULL,'http://killfish.ru/menu.html',NULL,0,132,NULL),(3112,28,'',NULL,'Амиго',NULL,NULL,NULL,NULL,NULL,'http://killfish.ru/menu.html',NULL,0,132,NULL),(3113,28,'',NULL,'KILLFISHшот',NULL,NULL,NULL,NULL,NULL,'http://killfish.ru/menu.html',NULL,0,132,NULL),(3114,28,'',NULL,'Серебряная пуля',NULL,NULL,NULL,NULL,NULL,'http://killfish.ru/menu.html',NULL,0,132,NULL),(3115,28,'',NULL,'Облака',NULL,NULL,NULL,NULL,NULL,'http://killfish.ru/menu.html',NULL,0,132,NULL),(3116,28,'',NULL,'Бред-шот',NULL,NULL,NULL,NULL,NULL,'http://killfish.ru/menu.html',NULL,0,132,NULL),(3117,28,'',NULL,'Груди ангела',NULL,NULL,NULL,NULL,NULL,'http://killfish.ru/menu.html',NULL,0,132,NULL),(3118,28,'',NULL,'Таракан',NULL,NULL,NULL,NULL,NULL,'http://killfish.ru/menu.html',NULL,0,132,NULL),(3119,28,'',NULL,'Баунти',NULL,NULL,NULL,NULL,NULL,'http://killfish.ru/menu.html',NULL,0,132,NULL),(3120,28,'',NULL,'Цунами',NULL,NULL,NULL,NULL,NULL,'http://killfish.ru/menu.html',NULL,0,132,NULL),(3121,28,'',NULL,'Дынька',NULL,NULL,NULL,NULL,NULL,'http://killfish.ru/menu.html',NULL,0,132,NULL),(3122,28,'',NULL,'Вавилон',NULL,NULL,NULL,NULL,NULL,'http://killfish.ru/menu.html',NULL,0,132,NULL),(3123,28,'',NULL,'Пьяная вишня',NULL,NULL,NULL,NULL,NULL,'http://killfish.ru/menu.html',NULL,0,132,NULL),(3124,28,'',NULL,'Женяшот',NULL,NULL,NULL,NULL,NULL,'http://killfish.ru/menu.html',NULL,0,132,NULL),(3125,28,'',NULL,'Мэри-шот',NULL,NULL,NULL,NULL,NULL,'http://killfish.ru/menu.html',NULL,0,132,NULL),(3126,28,'',NULL,'Мятная страсть',NULL,NULL,NULL,NULL,NULL,'http://killfish.ru/menu.html',NULL,0,132,NULL),(3127,28,'',NULL,'Гавайи',NULL,NULL,NULL,NULL,NULL,'http://killfish.ru/menu.html',NULL,0,132,NULL),(3128,28,'',NULL,'КГБ',NULL,NULL,NULL,NULL,NULL,'http://killfish.ru/menu.html',NULL,0,132,NULL),(3129,28,'',NULL,'Ноги вниз',NULL,NULL,NULL,NULL,NULL,'http://killfish.ru/menu.html',NULL,0,132,NULL),(3130,28,'',NULL,'Флирт',NULL,NULL,NULL,NULL,NULL,'http://killfish.ru/menu.html',NULL,0,132,NULL),(3131,28,'',NULL,'Глючная вишня',NULL,NULL,NULL,NULL,NULL,'http://killfish.ru/menu.html',NULL,0,132,NULL),(3132,28,'',NULL,'Форсаж',NULL,NULL,NULL,NULL,NULL,'http://killfish.ru/menu.html',NULL,0,132,NULL),(3133,28,'',NULL,'Ураган',NULL,NULL,NULL,NULL,NULL,'http://killfish.ru/menu.html',NULL,0,132,NULL),(3134,28,'',NULL,'Порочные слезы',NULL,NULL,NULL,NULL,NULL,'http://killfish.ru/menu.html',NULL,0,132,NULL),(3135,28,'',NULL,'Аравика',NULL,NULL,NULL,NULL,NULL,'http://killfish.ru/menu.html',NULL,0,132,NULL),(3136,28,'',NULL,'Зенитка',NULL,NULL,NULL,NULL,NULL,'http://killfish.ru/menu.html',NULL,0,132,NULL),(3137,28,'',NULL,'Цыпочка',NULL,NULL,NULL,NULL,NULL,'http://killfish.ru/menu.html',NULL,0,132,NULL),(3138,28,'',NULL,'Медовый бочонок',NULL,NULL,NULL,NULL,NULL,'http://killfish.ru/menu.html',NULL,0,132,NULL),(3139,28,'',NULL,'Девушка бармена',NULL,NULL,NULL,NULL,NULL,'http://killfish.ru/menu.html',NULL,0,132,NULL),(3140,28,'',NULL,'Крестный с Кубы',NULL,NULL,NULL,NULL,NULL,'http://killfish.ru/menu.html',NULL,0,132,NULL),(3141,28,'',NULL,'Пэрсик',NULL,NULL,NULL,NULL,NULL,'http://killfish.ru/menu.html',NULL,0,132,NULL),(3142,28,'',NULL,'Прайм',NULL,NULL,NULL,NULL,NULL,'http://killfish.ru/menu.html',NULL,0,132,NULL),(3143,28,'',NULL,'Глинтвейн б/а',NULL,NULL,NULL,NULL,NULL,'http://killfish.ru/menu.html',NULL,0,132,NULL),(3144,28,'',NULL,'Айриш кофе',NULL,NULL,NULL,NULL,NULL,'http://killfish.ru/menu.html',NULL,0,143,NULL),(3145,28,'',NULL,'Глинтвейн',NULL,NULL,NULL,NULL,NULL,'http://killfish.ru/menu.html',NULL,0,143,NULL),(3146,28,'',NULL,'Шотландский мед',NULL,NULL,NULL,NULL,NULL,'http://killfish.ru/menu.html',NULL,0,143,NULL),(3147,28,'',NULL,'Золотое пламя',NULL,NULL,NULL,NULL,NULL,'http://killfish.ru/menu.html',NULL,0,143,NULL),(3148,28,'',NULL,'Зимняя вишня',NULL,NULL,NULL,NULL,NULL,'http://killfish.ru/menu.html',NULL,0,143,NULL),(3149,28,'',NULL,'Пьяная смородина',NULL,NULL,NULL,NULL,NULL,'http://killfish.ru/menu.html',NULL,0,143,NULL),(3150,28,'',NULL,'Змеиные глаза',NULL,NULL,NULL,NULL,NULL,'http://killfish.ru/menu.html',NULL,0,253,NULL),(3151,28,'',NULL,'Огненная вода',NULL,NULL,NULL,NULL,NULL,'http://killfish.ru/menu.html',NULL,0,253,NULL),(3152,28,'',NULL,'Унесенные ветром',NULL,NULL,NULL,NULL,NULL,'http://killfish.ru/menu.html',NULL,0,253,NULL),(3153,28,'',NULL,'Эйфория',NULL,NULL,NULL,NULL,NULL,'http://killfish.ru/menu.html',NULL,0,253,NULL),(3154,28,'',NULL,'Бандитос',NULL,NULL,NULL,NULL,NULL,'http://killfish.ru/menu.html',NULL,0,253,NULL),(3155,28,'',NULL,'Эйфелева башня',NULL,NULL,NULL,NULL,NULL,'http://killfish.ru/menu.html',NULL,0,330,NULL),(3156,28,'',NULL,'Очковая кобра',NULL,NULL,NULL,NULL,NULL,'http://killfish.ru/menu.html',NULL,0,330,NULL),(3157,28,'',NULL,'Путь Карлито',NULL,NULL,NULL,NULL,NULL,'http://killfish.ru/menu.html',NULL,0,550,NULL),(3158,28,'',NULL,'Невесомость',NULL,NULL,NULL,NULL,NULL,'http://killfish.ru/menu.html',NULL,0,550,NULL),(3159,28,'',NULL,'Текила санрайз',NULL,NULL,NULL,NULL,NULL,'http://killfish.ru/menu.html',NULL,0,121,NULL),(3160,28,'',NULL,'Куба-либрэ',NULL,NULL,NULL,NULL,NULL,'http://killfish.ru/menu.html',NULL,0,121,NULL),(3161,28,'',NULL,'Виски-кола',NULL,NULL,NULL,NULL,NULL,'http://killfish.ru/menu.html',NULL,0,121,NULL),(3162,28,'',NULL,'Джин-тоник',NULL,NULL,NULL,NULL,NULL,'http://killfish.ru/menu.html',NULL,0,121,NULL),(3163,28,'',NULL,'Ван Гог',NULL,NULL,NULL,NULL,NULL,'http://killfish.ru/menu.html',NULL,0,121,NULL),(3164,28,'',NULL,'Кровавый песок',NULL,NULL,NULL,NULL,NULL,'http://killfish.ru/menu.html',NULL,0,121,NULL),(3165,28,'',NULL,'Мятный бриз',NULL,NULL,NULL,NULL,NULL,'http://killfish.ru/menu.html',NULL,0,121,NULL),(3166,28,'',NULL,'Чайна-таун',NULL,NULL,NULL,NULL,NULL,'http://killfish.ru/menu.html',NULL,0,121,NULL),(3167,28,'',NULL,'Кампари-оранж',NULL,NULL,NULL,NULL,NULL,'http://killfish.ru/menu.html',NULL,0,154,NULL),(3168,28,'',NULL,'Канкун',NULL,NULL,NULL,NULL,NULL,'http://killfish.ru/menu.html',NULL,0,154,NULL),(3169,28,'',NULL,'Доктор Пеппер',NULL,NULL,NULL,NULL,NULL,'http://killfish.ru/menu.html',NULL,0,165,NULL),(3170,28,'',NULL,'Прямой эфир',NULL,NULL,NULL,NULL,NULL,'http://killfish.ru/menu.html',NULL,0,165,NULL),(3171,28,'',NULL,'Лонг Айленд Айс Ти',NULL,NULL,NULL,NULL,NULL,'http://killfish.ru/menu.html',NULL,0,198,NULL),(3172,28,'',NULL,'Красная Тревога',NULL,NULL,NULL,NULL,NULL,'http://killfish.ru/menu.html',NULL,0,198,NULL),(3173,28,'',NULL,'Блю айс-ти',NULL,NULL,NULL,NULL,NULL,'http://killfish.ru/menu.html',NULL,0,198,NULL),(3174,28,'',NULL,'Живая вода',NULL,NULL,NULL,NULL,NULL,'http://killfish.ru/menu.html',NULL,0,198,NULL),(3175,28,'',NULL,'Белый русский',NULL,NULL,NULL,NULL,NULL,'http://killfish.ru/menu.html',NULL,0,198,NULL),(3176,28,'',NULL,'Грин Айс Ти',NULL,NULL,NULL,NULL,NULL,'http://killfish.ru/menu.html',NULL,0,198,NULL),(3177,28,'',NULL,'Бора-Бора',NULL,NULL,NULL,NULL,NULL,'http://killfish.ru/menu.html',NULL,0,198,NULL),(3178,28,'',NULL,'Май-Тай',NULL,NULL,NULL,NULL,NULL,'http://killfish.ru/menu.html',NULL,0,198,NULL),(3179,28,'',NULL,'Финская заправка',NULL,NULL,NULL,NULL,NULL,'http://killfish.ru/menu.html',NULL,0,198,NULL),(3180,28,'',NULL,'Багама-Мама',NULL,NULL,NULL,NULL,NULL,'http://killfish.ru/menu.html',NULL,0,198,NULL),(3181,28,'',NULL,'Сансет',NULL,NULL,NULL,NULL,NULL,'http://killfish.ru/menu.html',NULL,0,198,NULL),(3182,28,'',NULL,'Pulp Fiction',NULL,NULL,NULL,NULL,NULL,'http://killfish.ru/menu.html',NULL,0,198,NULL),(3183,28,'',NULL,'Бубль-Гум',NULL,NULL,NULL,NULL,NULL,'http://killfish.ru/menu.html',NULL,0,198,NULL),(3184,28,'',NULL,'Розовая пантера',NULL,NULL,NULL,NULL,NULL,'http://killfish.ru/menu.html',NULL,0,198,NULL),(3185,28,'',NULL,'Шляпа',NULL,NULL,NULL,NULL,NULL,'http://killfish.ru/menu.html',NULL,0,198,NULL),(3186,28,'',NULL,'Паркур',NULL,NULL,NULL,NULL,NULL,'http://killfish.ru/menu.html',NULL,0,198,NULL),(3187,28,'',NULL,'Чин-Чилла',NULL,NULL,NULL,NULL,NULL,'http://killfish.ru/menu.html',NULL,0,198,NULL),(3188,28,'',NULL,'Мексиканский пляж',NULL,NULL,NULL,NULL,NULL,'http://killfish.ru/menu.html',NULL,0,198,NULL),(3189,28,'',NULL,'Ден Кук',NULL,NULL,NULL,NULL,NULL,'http://killfish.ru/menu.html',NULL,0,198,NULL),(3190,28,'',NULL,'Flipside',NULL,NULL,NULL,NULL,NULL,'http://killfish.ru/menu.html',NULL,0,198,NULL),(3191,28,'',NULL,'Губка Боб',NULL,NULL,NULL,NULL,NULL,'http://killfish.ru/menu.html',NULL,0,198,NULL),(3192,28,'',NULL,'Текила бум',NULL,NULL,NULL,NULL,NULL,'http://killfish.ru/menu.html',NULL,0,121,NULL),(3193,28,'',NULL,'Зеленка',NULL,NULL,NULL,NULL,NULL,'http://killfish.ru/menu.html',NULL,0,121,NULL),(3194,28,'',NULL,'Вельвет',NULL,NULL,NULL,NULL,NULL,'http://killfish.ru/menu.html',NULL,0,121,NULL),(3195,28,'',NULL,'Галилео',NULL,NULL,NULL,NULL,NULL,'http://killfish.ru/menu.html',NULL,0,121,NULL),(3196,28,'',NULL,'Голден дрим',NULL,NULL,NULL,NULL,NULL,'http://killfish.ru/menu.html',NULL,0,121,NULL),(3197,28,'',NULL,'Обезьянья радость',NULL,NULL,NULL,NULL,NULL,'http://killfish.ru/menu.html',NULL,0,143,NULL),(3198,28,'',NULL,'Крестный отец',NULL,NULL,NULL,NULL,NULL,'http://killfish.ru/menu.html',NULL,0,154,NULL),(3199,28,'',NULL,'Крестная мать',NULL,NULL,NULL,NULL,NULL,'http://killfish.ru/menu.html',NULL,0,154,NULL),(3200,28,'',NULL,'Черный русский',NULL,NULL,NULL,NULL,NULL,'http://killfish.ru/menu.html',NULL,0,154,NULL),(3201,28,'',NULL,'Негрони',NULL,NULL,NULL,NULL,NULL,'http://killfish.ru/menu.html',NULL,0,198,NULL),(3202,28,'',NULL,'Эдэм',NULL,NULL,NULL,NULL,NULL,'http://killfish.ru/menu.html',NULL,0,198,NULL),(3203,28,'',NULL,'Пина Колада б/а',NULL,NULL,NULL,NULL,NULL,'http://killfish.ru/menu.html',NULL,0,121,NULL),(3204,28,'',NULL,'Бутылка пластиковая 1л',NULL,NULL,NULL,NULL,NULL,'http://killfish.ru/menu.html',NULL,0,15,NULL),(3205,28,'',NULL,'Арахис (30г)',NULL,NULL,NULL,NULL,NULL,'http://killfish.ru/menu.html',NULL,0,33,NULL),(3206,28,'',NULL,'Фисташки (30г)',NULL,NULL,NULL,NULL,NULL,'http://killfish.ru/menu.html',NULL,0,44,NULL),(3207,28,'',NULL,'Чипсы Lays в ассортименте',NULL,NULL,NULL,NULL,NULL,'http://killfish.ru/menu.html',NULL,0,44,NULL),(3208,28,'',NULL,'Мороженое крем-брюле',NULL,NULL,NULL,NULL,NULL,'http://killfish.ru/menu.html',NULL,0,66,NULL),(3209,28,'',NULL,'Мороженое шоколадное',NULL,NULL,NULL,NULL,NULL,'http://killfish.ru/menu.html',NULL,0,66,NULL),(3210,28,'',NULL,'Мороженое ванильное',NULL,NULL,NULL,NULL,NULL,'http://killfish.ru/menu.html',NULL,0,66,NULL),(3211,28,'',NULL,'Мороженое фисташковое',NULL,NULL,NULL,NULL,NULL,'http://killfish.ru/menu.html',NULL,0,66,NULL),(3212,28,'',NULL,'Пирог Яблочный',NULL,NULL,NULL,NULL,NULL,'http://killfish.ru/menu.html',NULL,0,110,NULL),(3213,28,'',NULL,'Чизкейк классический',NULL,NULL,NULL,NULL,NULL,'http://killfish.ru/menu.html',NULL,0,110,NULL),(3214,28,'',NULL,'Чизкейк клубничный',NULL,NULL,NULL,NULL,NULL,'http://killfish.ru/menu.html',NULL,0,110,NULL),(3215,28,'',NULL,'Яблочная темпура',NULL,NULL,NULL,NULL,NULL,'http://killfish.ru/menu.html',NULL,0,110,NULL),(3216,28,'',NULL,'Банановая темпура',NULL,NULL,NULL,NULL,NULL,'http://killfish.ru/menu.html',NULL,0,110,NULL),(3217,28,'',NULL,'Сливки 40 мл',NULL,NULL,NULL,NULL,NULL,'http://killfish.ru/menu.html',NULL,0,11,NULL),(3218,28,'',NULL,'Молоко 40 мл',NULL,NULL,NULL,NULL,NULL,'http://killfish.ru/menu.html',NULL,0,11,NULL),(3219,28,'',NULL,'Яблоко',NULL,NULL,NULL,NULL,NULL,'http://killfish.ru/menu.html',NULL,0,11,NULL),(3220,28,'',NULL,'Яйцо куриное',NULL,NULL,NULL,NULL,NULL,'http://killfish.ru/menu.html',NULL,0,15,NULL),(3221,28,'',NULL,'Сироп Гренадин',NULL,NULL,NULL,NULL,NULL,'http://killfish.ru/menu.html',NULL,0,22,NULL),(3222,28,'',NULL,'Сироп Клубника',NULL,NULL,NULL,NULL,NULL,'http://killfish.ru/menu.html',NULL,0,22,NULL),(3223,28,'',NULL,'Сироп Блю Курасао',NULL,NULL,NULL,NULL,NULL,'http://killfish.ru/menu.html',NULL,0,22,NULL),(3224,28,'',NULL,'Сироп Вишня',NULL,NULL,NULL,NULL,NULL,'http://killfish.ru/menu.html',NULL,0,22,NULL),(3225,28,'',NULL,'Сироп Черная смородина',NULL,NULL,NULL,NULL,NULL,'http://killfish.ru/menu.html',NULL,0,22,NULL),(3226,28,'',NULL,'Сироп Мята зеленая',NULL,NULL,NULL,NULL,NULL,'http://killfish.ru/menu.html',NULL,0,22,NULL),(3227,28,'',NULL,'Сироп Кокос',NULL,NULL,NULL,NULL,NULL,'http://killfish.ru/menu.html',NULL,0,22,NULL),(3228,28,'',NULL,'Сироп Имбирь',NULL,NULL,NULL,NULL,NULL,'http://killfish.ru/menu.html',NULL,0,22,NULL),(3229,28,'',NULL,'Сироп Дыня',NULL,NULL,NULL,NULL,NULL,'http://killfish.ru/menu.html',NULL,0,22,NULL),(3230,28,'',NULL,'Сироп Ваниль',NULL,NULL,NULL,NULL,NULL,'http://killfish.ru/menu.html',NULL,0,22,NULL),(3231,28,'',NULL,'Сироп Зеленое яблоко',NULL,NULL,NULL,NULL,NULL,'http://killfish.ru/menu.html',NULL,0,22,NULL),(3232,28,'',NULL,'Сироп Инжир',NULL,NULL,NULL,NULL,NULL,'http://killfish.ru/menu.html',NULL,0,22,NULL),(3233,28,'',NULL,'Сироп Белый Шоколад',NULL,NULL,NULL,NULL,NULL,'http://killfish.ru/menu.html',NULL,0,22,NULL),(3234,28,'',NULL,'Сироп Персик',NULL,NULL,NULL,NULL,NULL,'http://killfish.ru/menu.html',NULL,0,22,NULL),(3235,28,'',NULL,'Зажигалка KILLFISH + Muratti Blue',NULL,NULL,NULL,NULL,NULL,'http://killfish.ru/menu.html',NULL,0,44,NULL),(3236,28,'',NULL,'Зажигалка KILLFISH + Muratti Rosso',NULL,NULL,NULL,NULL,NULL,'http://killfish.ru/menu.html',NULL,0,44,NULL),(3237,28,'',NULL,'Зажигалка KILLFISH + Muratti Violetto',NULL,NULL,NULL,NULL,NULL,'http://killfish.ru/menu.html',NULL,0,44,NULL),(3238,28,'',NULL,'Зажигалка KILLFISH + Chesterfield Blue',NULL,NULL,NULL,NULL,NULL,'http://killfish.ru/menu.html',NULL,0,55,NULL),(3239,28,'',NULL,'Зажигалка KILLFISH + Chesterfield Red',NULL,NULL,NULL,NULL,NULL,'http://killfish.ru/menu.html',NULL,0,55,NULL),(3240,28,'',NULL,'Зажигалка KILLFISH + Chesterfield Bronze',NULL,NULL,NULL,NULL,NULL,'http://killfish.ru/menu.html',NULL,0,55,NULL),(3241,28,'',NULL,'Зажигалка KILLFISH + Virginia EVE Menthol',NULL,NULL,NULL,NULL,NULL,'http://killfish.ru/menu.html',NULL,0,55,NULL),(3242,28,'',NULL,'Зажигалка KILLFISH + Virginia EVE Red',NULL,NULL,NULL,NULL,NULL,'http://killfish.ru/menu.html',NULL,0,55,NULL),(3243,28,'',NULL,'Зажигалка KILLFISH + Virginia EVE Blue',NULL,NULL,NULL,NULL,NULL,'http://killfish.ru/menu.html',NULL,0,55,NULL),(3244,28,'',NULL,'Зажигалка KILLFISH + Marlboro Red',NULL,NULL,NULL,NULL,NULL,'http://killfish.ru/menu.html',NULL,0,66,NULL),(3245,28,'',NULL,'Зажигалка KILLFISH + Marlboro Lights',NULL,NULL,NULL,NULL,NULL,'http://killfish.ru/menu.html',NULL,0,66,NULL),(3246,28,'',NULL,'Зажигалка KILLFISH + Marlboro Filter Plus',NULL,NULL,NULL,NULL,NULL,'http://killfish.ru/menu.html',NULL,0,77,NULL),(3247,28,'',NULL,'Зажигалка KILLFISH + Marlboro Gold EDGE',NULL,NULL,NULL,NULL,NULL,'http://killfish.ru/menu.html',NULL,0,77,NULL),(3248,28,'',NULL,'Зажигалка KILLFISH + Marlboro Gold Touch',NULL,NULL,NULL,NULL,NULL,'http://killfish.ru/menu.html',NULL,0,77,NULL),(3249,28,'',NULL,'Зажигалка KILLFISH + Marlboro Gold Fine Touch',NULL,NULL,NULL,NULL,NULL,'http://killfish.ru/menu.html',NULL,0,77,NULL),(3250,28,'',NULL,'Зажигалка KILLFISH + Parliament Night Blue',NULL,NULL,NULL,NULL,NULL,'http://killfish.ru/menu.html',NULL,0,88,NULL),(3251,28,'',NULL,'Зажигалка KILLFISH + Parliament Aqua Blue',NULL,NULL,NULL,NULL,NULL,'http://killfish.ru/menu.html',NULL,0,88,NULL),(3252,28,'',NULL,'Зажигалка KILLFISH + Parliament Silver Blue',NULL,NULL,NULL,NULL,NULL,'http://killfish.ru/menu.html',NULL,0,88,NULL),(3253,28,'',NULL,'Зажигалка KILLFISH + Parliament Super Slims',NULL,NULL,NULL,NULL,NULL,'http://killfish.ru/menu.html',NULL,0,88,NULL),(3254,28,'',NULL,'Зажигалка KILLFISH + Parlament Reserve',NULL,NULL,NULL,NULL,NULL,'http://killfish.ru/menu.html',NULL,0,88,NULL),(3255,28,'',NULL,'Зажигалка KILLFISH + Parlament Reserve 100',NULL,NULL,NULL,NULL,NULL,'http://killfish.ru/menu.html',NULL,0,88,NULL),(3256,28,'',NULL,'Зажигалка KILLFISH + Parlament Platinum Blue',NULL,NULL,NULL,NULL,NULL,'http://killfish.ru/menu.html',NULL,0,88,NULL),(3257,28,'',NULL,'Контейнер для соуса',NULL,NULL,NULL,NULL,NULL,'http://killfish.ru/menu.html',NULL,0,5,NULL),(3258,28,'',NULL,'Ланч-бокс',NULL,NULL,NULL,NULL,NULL,'http://killfish.ru/menu.html',NULL,0,7,NULL),(3259,28,'',NULL,'Контейнер для супа',NULL,NULL,NULL,NULL,NULL,'http://killfish.ru/menu.html',NULL,0,7,NULL),(3260,28,'',NULL,'Чука Нигири',NULL,NULL,NULL,NULL,NULL,'http://killfish.ru/menu.html',NULL,0,22,NULL),(3261,28,'',NULL,'Идзумитай Нигири',NULL,NULL,NULL,NULL,NULL,'http://killfish.ru/menu.html',NULL,0,22,NULL),(3262,28,'',NULL,'Тамаго Нигири',NULL,NULL,NULL,NULL,NULL,'http://killfish.ru/menu.html',NULL,0,22,NULL),(3263,28,'',NULL,'Саке Нигири',NULL,NULL,NULL,NULL,NULL,'http://killfish.ru/menu.html',NULL,0,33,NULL),(3264,28,'',NULL,'Ика Нигири',NULL,NULL,NULL,NULL,NULL,'http://killfish.ru/menu.html',NULL,0,33,NULL),(3265,28,'',NULL,'Магуро Нигири',NULL,NULL,NULL,NULL,NULL,'http://killfish.ru/menu.html',NULL,0,33,NULL),(3266,28,'',NULL,'Эби Нигири',NULL,NULL,NULL,NULL,NULL,'http://killfish.ru/menu.html',NULL,0,33,NULL),(3267,28,'',NULL,'Тобико Нигири',NULL,NULL,NULL,NULL,NULL,'http://killfish.ru/menu.html',NULL,0,33,NULL),(3268,28,'',NULL,'Васабико Нигири',NULL,NULL,NULL,NULL,NULL,'http://killfish.ru/menu.html',NULL,0,33,NULL),(3269,28,'',NULL,'Икура Нигири',NULL,NULL,NULL,NULL,NULL,'http://killfish.ru/menu.html',NULL,0,33,NULL),(3270,28,'',NULL,'Тизу Икура Нигири',NULL,NULL,NULL,NULL,NULL,'http://killfish.ru/menu.html',NULL,0,33,NULL),(3271,28,'',NULL,'Хотатегай Нигири',NULL,NULL,NULL,NULL,NULL,'http://killfish.ru/menu.html',NULL,0,44,NULL),(3272,28,'',NULL,'Саке Гурмэ Нигири',NULL,NULL,NULL,NULL,NULL,'http://killfish.ru/menu.html',NULL,0,44,NULL),(3273,28,'',NULL,'Кани Нигири',NULL,NULL,NULL,NULL,NULL,'http://killfish.ru/menu.html',NULL,0,55,NULL),(3274,28,'',NULL,'Унаги Нигири',NULL,NULL,NULL,NULL,NULL,'http://killfish.ru/menu.html',NULL,0,55,NULL),(3275,28,'',NULL,'Яки Сакэ',NULL,NULL,NULL,NULL,NULL,'http://killfish.ru/menu.html',NULL,0,44,NULL),(3276,28,'',NULL,'Яки Магуро',NULL,NULL,NULL,NULL,NULL,'http://killfish.ru/menu.html',NULL,0,44,NULL),(3277,28,'',NULL,'Яки Ика',NULL,NULL,NULL,NULL,NULL,'http://killfish.ru/menu.html',NULL,0,44,NULL),(3278,28,'',NULL,'Яки Хотатегай',NULL,NULL,NULL,NULL,NULL,'http://killfish.ru/menu.html',NULL,0,44,NULL),(3279,28,'',NULL,'Яки Идзумитай',NULL,NULL,NULL,NULL,NULL,'http://killfish.ru/menu.html',NULL,0,44,NULL),(3280,28,'',NULL,'Яки Эби',NULL,NULL,NULL,NULL,NULL,'http://killfish.ru/menu.html',NULL,0,44,NULL),(3281,28,'',NULL,'Яки Унаги',NULL,NULL,NULL,NULL,NULL,'http://killfish.ru/menu.html',NULL,0,55,NULL),(3282,28,'',NULL,'Яки Кани',NULL,NULL,NULL,NULL,NULL,'http://killfish.ru/menu.html',NULL,0,55,NULL),(3283,28,'',NULL,'Спайси Сакэ',NULL,NULL,NULL,NULL,NULL,'http://killfish.ru/menu.html',NULL,0,44,NULL),(3284,28,'',NULL,'Спайси Магуро',NULL,NULL,NULL,NULL,NULL,'http://killfish.ru/menu.html',NULL,0,44,NULL),(3285,28,'',NULL,'Спайси Ика',NULL,NULL,NULL,NULL,NULL,'http://killfish.ru/menu.html',NULL,0,44,NULL),(3286,28,'',NULL,'Спайси Хотатегай',NULL,NULL,NULL,NULL,NULL,'http://killfish.ru/menu.html',NULL,0,44,NULL),(3287,28,'',NULL,'Спайси Идзумитай',NULL,NULL,NULL,NULL,NULL,'http://killfish.ru/menu.html',NULL,0,44,NULL),(3288,28,'',NULL,'Спайси Эби',NULL,NULL,NULL,NULL,NULL,'http://killfish.ru/menu.html',NULL,0,44,NULL),(3289,28,'',NULL,'Спайси Унаги',NULL,NULL,NULL,NULL,NULL,'http://killfish.ru/menu.html',NULL,0,55,NULL),(3290,28,'',NULL,'Спайси Кани',NULL,NULL,NULL,NULL,NULL,'http://killfish.ru/menu.html',NULL,0,55,NULL),(3291,28,'',NULL,'Каппа Маки',NULL,NULL,NULL,NULL,NULL,'http://killfish.ru/menu.html',NULL,0,55,NULL),(3292,28,'',NULL,'Саке Маки',NULL,NULL,NULL,NULL,NULL,'http://killfish.ru/menu.html',NULL,0,55,NULL),(3293,28,'',NULL,'Саке Гурмэ Маки',NULL,NULL,NULL,NULL,NULL,'http://killfish.ru/menu.html',NULL,0,77,NULL),(3294,28,'',NULL,'Ясай Маки',NULL,NULL,NULL,NULL,NULL,'http://killfish.ru/menu.html',NULL,0,77,NULL),(3295,28,'',NULL,'Авокадо Маки',NULL,NULL,NULL,NULL,NULL,'http://killfish.ru/menu.html',NULL,0,88,NULL),(3296,28,'',NULL,'Канада Маки',NULL,NULL,NULL,NULL,NULL,'http://killfish.ru/menu.html',NULL,0,121,NULL),(3297,28,'',NULL,'Спешл Маки',NULL,NULL,NULL,NULL,NULL,'http://killfish.ru/menu.html',NULL,0,121,NULL),(3298,28,'',NULL,'Аризона Маки',NULL,NULL,NULL,NULL,NULL,'http://killfish.ru/menu.html',NULL,0,132,NULL),(3299,28,'',NULL,'Аляска Маки',NULL,NULL,NULL,NULL,NULL,'http://killfish.ru/menu.html',NULL,0,132,NULL),(3300,28,'',NULL,'Калифорния Маки',NULL,NULL,NULL,NULL,NULL,'http://killfish.ru/menu.html',NULL,0,132,NULL),(3301,28,'',NULL,'Калифорния Тобико Маки',NULL,NULL,NULL,NULL,NULL,'http://killfish.ru/menu.html',NULL,0,132,NULL),(3302,28,'',NULL,'Филадельфия Манго Маки',NULL,NULL,NULL,NULL,NULL,'http://killfish.ru/menu.html',NULL,0,143,NULL),(3303,28,'',NULL,'Унаги Маки',NULL,NULL,NULL,NULL,NULL,'http://killfish.ru/menu.html',NULL,0,143,NULL),(3304,28,'',NULL,'Филадельфия Маки',NULL,NULL,NULL,NULL,NULL,'http://killfish.ru/menu.html',NULL,0,143,NULL),(3305,28,'',NULL,'Америка Маки',NULL,NULL,NULL,NULL,NULL,'http://killfish.ru/menu.html',NULL,0,154,NULL),(3306,28,'',NULL,'Тори сарада',NULL,NULL,NULL,NULL,NULL,'http://killfish.ru/menu.html',NULL,0,121,NULL),(3307,28,'',NULL,'Ясай сарада',NULL,NULL,NULL,NULL,NULL,'http://killfish.ru/menu.html',NULL,0,121,NULL),(3308,28,'',NULL,'Салат Чука',NULL,NULL,NULL,NULL,NULL,'http://killfish.ru/menu.html',NULL,0,132,NULL),(3309,28,'',NULL,'Мисо',NULL,NULL,NULL,NULL,NULL,'http://killfish.ru/menu.html',NULL,0,44,NULL),(3310,28,'',NULL,'Мисо с курой',NULL,NULL,NULL,NULL,NULL,'http://killfish.ru/menu.html',NULL,0,66,NULL),(3311,28,'',NULL,'Кимчи',NULL,NULL,NULL,NULL,NULL,'http://killfish.ru/menu.html',NULL,0,66,NULL),(3312,28,'',NULL,'Мисо с крабом',NULL,NULL,NULL,NULL,NULL,'http://killfish.ru/menu.html',NULL,0,77,NULL),(3313,28,'',NULL,'Суимоно',NULL,NULL,NULL,NULL,NULL,'http://killfish.ru/menu.html',NULL,0,88,NULL),(3314,28,'',NULL,'Гедза с креветкой',NULL,NULL,NULL,NULL,NULL,'http://killfish.ru/menu.html',NULL,0,121,NULL),(3315,28,'',NULL,'Гедза со свининой',NULL,NULL,NULL,NULL,NULL,'http://killfish.ru/menu.html',NULL,0,121,NULL),(3316,28,'',NULL,'Игай-яки',NULL,NULL,NULL,NULL,NULL,'http://killfish.ru/menu.html',NULL,0,132,NULL),(3317,28,'',NULL,'Яки Эби маки',NULL,NULL,NULL,NULL,NULL,'http://killfish.ru/menu.html',NULL,0,154,NULL),(3318,28,'',NULL,'Яки Кани маки',NULL,NULL,NULL,NULL,NULL,'http://killfish.ru/menu.html',NULL,0,165,NULL),(3319,28,'',NULL,'Яки Унаги маки',NULL,NULL,NULL,NULL,NULL,'http://killfish.ru/menu.html',NULL,0,165,NULL),(3320,28,'',NULL,'Якитори Саке',NULL,NULL,NULL,NULL,NULL,'http://killfish.ru/menu.html',NULL,0,121,NULL),(3321,28,'',NULL,'Оякодон',NULL,NULL,NULL,NULL,NULL,'http://killfish.ru/menu.html',NULL,0,121,NULL),(3322,28,'',NULL,'Кацудон',NULL,NULL,NULL,NULL,NULL,'http://killfish.ru/menu.html',NULL,0,143,NULL),(3323,28,'',NULL,'Яки харусаме',NULL,NULL,NULL,NULL,NULL,'http://killfish.ru/menu.html',NULL,0,154,NULL),(3324,28,'',NULL,'Яки соба со свининой',NULL,NULL,NULL,NULL,NULL,'http://killfish.ru/menu.html',NULL,0,154,NULL),(3325,28,'',NULL,'Яки удон с курицей',NULL,NULL,NULL,NULL,NULL,'http://killfish.ru/menu.html',NULL,0,154,NULL),(3326,28,'',NULL,'Тори терияки',NULL,NULL,NULL,NULL,NULL,'http://killfish.ru/menu.html',NULL,0,154,NULL),(3327,28,'',NULL,'Сегояки',NULL,NULL,NULL,NULL,NULL,'http://killfish.ru/menu.html',NULL,0,187,NULL),(3328,28,'',NULL,'Саке терияки',NULL,NULL,NULL,NULL,NULL,'http://killfish.ru/menu.html',NULL,0,198,NULL),(3329,28,'',NULL,'Имбирь',NULL,NULL,NULL,NULL,NULL,'http://killfish.ru/menu.html',NULL,0,11,NULL),(3330,28,'',NULL,'Васаби',NULL,NULL,NULL,NULL,NULL,'http://killfish.ru/menu.html',NULL,0,11,NULL),(3331,28,'',NULL,'Спайси соус',NULL,NULL,NULL,NULL,NULL,'http://killfish.ru/menu.html',NULL,0,22,NULL),(3332,28,'',NULL,'Ореховый соус',NULL,NULL,NULL,NULL,NULL,'http://killfish.ru/menu.html',NULL,0,22,NULL);
/*!40000 ALTER TABLE `positions` ENABLE KEYS */;
UNLOCK TABLES;

--
-- Table structure for table `tagpositions`
--

DROP TABLE IF EXISTS `tagpositions`;
/*!40101 SET @saved_cs_client     = @@character_set_client */;
/*!40101 SET character_set_client = utf8 */;
CREATE TABLE `tagpositions` (
  `id` int(11) NOT NULL AUTO_INCREMENT,
  `tagId` int(11) DEFAULT NULL,
  `positionId` int(11) DEFAULT NULL,
  PRIMARY KEY (`id`),
  KEY `tagId` (`tagId`),
  KEY `positionId` (`positionId`),
  CONSTRAINT `positionId` FOREIGN KEY (`positionId`) REFERENCES `positions` (`id`) ON DELETE CASCADE ON UPDATE CASCADE,
  CONSTRAINT `tagId` FOREIGN KEY (`tagId`) REFERENCES `tags` (`id`) ON DELETE CASCADE ON UPDATE CASCADE
) ENGINE=InnoDB AUTO_INCREMENT=78 DEFAULT CHARSET=utf8;
/*!40101 SET character_set_client = @saved_cs_client */;

--
-- Dumping data for table `tagpositions`
--

LOCK TABLES `tagpositions` WRITE;
/*!40000 ALTER TABLE `tagpositions` DISABLE KEYS */;
/*!40000 ALTER TABLE `tagpositions` ENABLE KEYS */;
UNLOCK TABLES;

--
-- Table structure for table `tags`
--

DROP TABLE IF EXISTS `tags`;
/*!40101 SET @saved_cs_client     = @@character_set_client */;
/*!40101 SET character_set_client = utf8 */;
CREATE TABLE `tags` (
  `id` int(11) NOT NULL AUTO_INCREMENT,
  `name` varchar(45) DEFAULT NULL,
  `type` varchar(45) DEFAULT NULL,
  PRIMARY KEY (`id`)
) ENGINE=InnoDB AUTO_INCREMENT=11 DEFAULT CHARSET=utf8;
/*!40101 SET character_set_client = @saved_cs_client */;

--
-- Dumping data for table `tags`
--

LOCK TABLES `tags` WRITE;
/*!40000 ALTER TABLE `tags` DISABLE KEYS */;
/*!40000 ALTER TABLE `tags` ENABLE KEYS */;
UNLOCK TABLES;
/*!40103 SET TIME_ZONE=@OLD_TIME_ZONE */;

/*!40101 SET SQL_MODE=@OLD_SQL_MODE */;
/*!40014 SET FOREIGN_KEY_CHECKS=@OLD_FOREIGN_KEY_CHECKS */;
/*!40014 SET UNIQUE_CHECKS=@OLD_UNIQUE_CHECKS */;
/*!40101 SET CHARACTER_SET_CLIENT=@OLD_CHARACTER_SET_CLIENT */;
/*!40101 SET CHARACTER_SET_RESULTS=@OLD_CHARACTER_SET_RESULTS */;
/*!40101 SET COLLATION_CONNECTION=@OLD_COLLATION_CONNECTION */;
/*!40111 SET SQL_NOTES=@OLD_SQL_NOTES */;

-- Dump completed on 2011-12-08 17:26:25
